2026-06-19T10:26:14.780+07:00  INFO 11080 --- [API_Server] [restartedMain] c.e.apiServer.ApiServerApplication       : Starting ApiServerApplication using Java 23.0.2 with PID 11080 (C:\project\PhuThanh_SpringBoot\API_Server\target\classes started by HDCP in C:\project\PhuThanh_SpringBoot\API_Server)
2026-06-19T10:26:14.781+07:00  INFO 11080 --- [API_Server] [restartedMain] c.e.apiServer.ApiServerApplication       : No active profile set, falling back to 1 default profile: "default"
2026-06-19T10:26:14.814+07:00  INFO 11080 --- [API_Server] [restartedMain] .e.DevToolsPropertyDefaultsPostProcessor : Devtools property defaults active! Set 'spring.devtools.add-properties' to 'false' to disable
2026-06-19T10:26:14.814+07:00  INFO 11080 --- [API_Server] [restartedMain] .e.DevToolsPropertyDefaultsPostProcessor : For additional web related logging consider setting the 'logging.level.web' property to 'DEBUG'
2026-06-19T10:26:15.447+07:00  INFO 11080 --- [API_Server] [restartedMain] .s.d.r.c.RepositoryConfigurationDelegate : Bootstrapping Spring Data JPA repositories in DEFAULT mode.
2026-06-19T10:26:15.484+07:00  INFO 11080 --- [API_Server] [restartedMain] .s.d.r.c.RepositoryConfigurationDelegate : Finished Spring Data repository scanning in 32 ms. Found 2 JPA repository interfaces.
2026-06-19T10:26:15.875+07:00  INFO 11080 --- [API_Server] [restartedMain] o.s.b.w.embedded.tomcat.TomcatWebServer  : Tomcat initialized with port 8080 (http)
2026-06-19T10:26:15.883+07:00  INFO 11080 --- [API_Server] [restartedMain] o.apache.catalina.core.StandardService   : Starting service [Tomcat]
2026-06-19T10:26:15.884+07:00  INFO 11080 --- [API_Server] [restartedMain] o.apache.catalina.core.StandardEngine    : Starting Servlet engine: [Apache Tomcat/10.1.48]
2026-06-19T10:26:15.915+07:00  INFO 11080 --- [API_Server] [restartedMain] o.a.c.c.C.[Tomcat].[localhost].[/]       : Initializing Spring embedded WebApplicationContext
2026-06-19T10:26:15.915+07:00  INFO 11080 --- [API_Server] [restartedMain] w.s.c.ServletWebServerApplicationContext : Root WebApplicationContext: initialization completed in 1100 ms
2026-06-19T10:26:16.081+07:00  INFO 11080 --- [API_Server] [restartedMain] o.hibernate.jpa.internal.util.LogHelper  : HHH000204: Processing PersistenceUnitInfo [name: default]
2026-06-19T10:26:16.110+07:00  INFO 11080 --- [API_Server] [restartedMain] org.hibernate.Version                    : HHH000412: Hibernate ORM core version 6.6.33.Final
2026-06-19T10:26:16.129+07:00  INFO 11080 --- [API_Server] [restartedMain] o.h.c.internal.RegionFactoryInitiator    : HHH000026: Second-level cache disabled
2026-06-19T10:26:16.282+07:00  INFO 11080 --- [API_Server] [restartedMain] o.s.o.j.p.SpringPersistenceUnitInfo      : No LoadTimeWeaver setup: ignoring JPA class transformer
2026-06-19T10:26:16.305+07:00  INFO 11080 --- [API_Server] [restartedMain] com.zaxxer.hikari.HikariDataSource       : HikariPool-1 - Starting...
2026-06-19T10:26:16.533+07:00  INFO 11080 --- [API_Server] [restartedMain] com.zaxxer.hikari.pool.HikariPool        : HikariPool-1 - Added connection ConnectionID:1 ClientConnectionId: a183a2b7-0912-4083-862e-dbfea4a96393
2026-06-19T10:26:16.534+07:00  INFO 11080 --- [API_Server] [restartedMain] com.zaxxer.hikari.HikariDataSource       : HikariPool-1 - Start completed.
2026-06-19T10:26:16.586+07:00  WARN 11080 --- [API_Server] [restartedMain] org.hibernate.orm.deprecation            : HHH90000025: SQLServerDialect does not need to be specified explicitly using 'hibernate.dialect' (remove the property setting and it will be selected by default)
2026-06-19T10:26:16.599+07:00  INFO 11080 --- [API_Server] [restartedMain] org.hibernate.orm.connections.pooling    : HHH10001005: Database info:
	Database JDBC URL [Connecting through datasource 'HikariDataSource (HikariPool-1)']
	Database driver: undefined/unknown
	Database version: 16.0
	Autocommit mode: undefined/unknown
	Isolation level: undefined/unknown
	Minimum pool size: undefined/unknown
	Maximum pool size: undefined/unknown
2026-06-19T10:26:17.082+07:00  INFO 11080 --- [API_Server] [restartedMain] o.h.e.t.j.p.i.JtaPlatformInitiator       : HHH000489: No JTA platform available (set 'hibernate.transaction.jta.platform' to enable JTA platform integration)
2026-06-19T10:26:17.496+07:00  INFO 11080 --- [API_Server] [restartedMain] j.LocalContainerEntityManagerFactoryBean : Initialized JPA EntityManagerFactory for persistence unit 'default'
2026-06-19T10:26:17.882+07:00  INFO 11080 --- [API_Server] [restartedMain] o.s.d.j.r.query.QueryEnhancerFactory     : Hibernate is in classpath; If applicable, HQL parser will be used.
2026-06-19T10:26:18.330+07:00  WARN 11080 --- [API_Server] [restartedMain] JpaBaseConfiguration$JpaWebConfiguration : spring.jpa.open-in-view is enabled by default. Therefore, database queries may be performed during view rendering. Explicitly configure spring.jpa.open-in-view to disable this warning
2026-06-19T10:26:18.408+07:00  WARN 11080 --- [API_Server] [restartedMain] .s.s.UserDetailsServiceAutoConfiguration : 

Using generated security password: 14480f40-c8e6-4602-969f-9e39a4e81c91

This generated password is for development use only. Your security configuration must be updated before running your application in production.

2026-06-19T10:26:18.412+07:00  INFO 11080 --- [API_Server] [restartedMain] r$InitializeUserDetailsManagerConfigurer : Global AuthenticationManager configured with UserDetailsService bean with name inMemoryUserDetailsManager
2026-06-19T10:26:18.600+07:00  INFO 11080 --- [API_Server] [restartedMain] o.s.b.a.e.web.EndpointLinksResolver      : Exposing 3 endpoints beneath base path '/actuator'
2026-06-19T10:26:18.903+07:00  INFO 11080 --- [API_Server] [restartedMain] o.s.b.d.a.OptionalLiveReloadServer       : LiveReload server is running on port 35729
2026-06-19T10:26:18.948+07:00  INFO 11080 --- [API_Server] [restartedMain] o.s.m.s.b.SimpleBrokerMessageHandler     : Starting...
2026-06-19T10:26:18.949+07:00  INFO 11080 --- [API_Server] [restartedMain] o.s.m.s.b.SimpleBrokerMessageHandler     : BrokerAvailabilityEvent[available=true, SimpleBrokerMessageHandler [org.springframework.messaging.simp.broker.DefaultSubscriptionRegistry@4dbefe76]]
2026-06-19T10:26:18.949+07:00  INFO 11080 --- [API_Server] [restartedMain] o.s.m.s.b.SimpleBrokerMessageHandler     : Started.
2026-06-19T10:26:18.957+07:00  INFO 11080 --- [API_Server] [restartedMain] o.s.b.w.embedded.tomcat.TomcatWebServer  : Tomcat started on port 8080 (http) with context path '/'
2026-06-19T10:26:18.966+07:00  INFO 11080 --- [API_Server] [restartedMain] c.e.apiServer.ApiServerApplication       : Started ApiServerApplication in 4.419 seconds (process running for 4.718)
2026-06-19T10:26:32.105+07:00  INFO 11080 --- [API_Server] [http-nio-8080-exec-1] o.apache.tomcat.util.http.parser.Cookie  : A cookie header was received [g_state={"i_l":0,"i_ll":1777998294174,"i_b":"ZNR3uNv0fH+FE1dDIKzu8KprRRhn/dgsVv87jMlm2ZA","i_e":{"enable_itp_optimization":0},"i_et":1777997229580}] that contained an invalid cookie. That cookie will be ignored.
 Note: further occurrences of this error will be logged at DEBUG level.
2026-06-19T10:26:32.112+07:00  INFO 11080 --- [API_Server] [http-nio-8080-exec-1] o.a.c.c.C.[Tomcat].[localhost].[/]       : Initializing Spring DispatcherServlet 'dispatcherServlet'
2026-06-19T10:26:32.112+07:00  INFO 11080 --- [API_Server] [http-nio-8080-exec-1] o.s.web.servlet.DispatcherServlet        : Initializing Servlet 'dispatcherServlet'
2026-06-19T10:26:32.114+07:00  INFO 11080 --- [API_Server] [http-nio-8080-exec-1] o.s.web.servlet.DispatcherServlet        : Completed initialization in 1 ms
2026-06-19T10:27:18.925+07:00  INFO 11080 --- [API_Server] [MessageBroker-1] o.s.w.s.c.WebSocketMessageBrokerStats    : WebSocketSession[0 current WS(0)-HttpStream(0)-HttpPoll(0), 0 total, 0 closed abnormally (0 connect failure, 0 send limit, 0 transport error)], stompSubProtocol[processed CONNECT(0)-CONNECTED(0)-DISCONNECT(0)], stompBrokerRelay[null], inboundChannel[pool size = 0, active threads = 0, queued tasks = 0, completed tasks = 0], outboundChannel[pool size = 0, active threads = 0, queued tasks = 0, completed tasks = 0], sockJsScheduler[pool size = 1, active threads = 1, queued tasks = 0, completed tasks = 0]
2026-06-19T10:30:15.805+07:00  INFO 11080 --- [API_Server] [File Watcher] rtingClassPathChangeChangedEventListener : Restarting due to 1 class path change (0 additions, 0 deletions, 1 modification)
2026-06-19T10:30:15.810+07:00  INFO 11080 --- [API_Server] [Thread-5] o.s.b.w.e.tomcat.GracefulShutdown        : Commencing graceful shutdown. Waiting for active requests to complete
2026-06-19T10:30:15.812+07:00  INFO 11080 --- [API_Server] [tomcat-shutdown] o.s.b.w.e.tomcat.GracefulShutdown        : Graceful shutdown complete
2026-06-19T10:30:15.813+07:00  INFO 11080 --- [API_Server] [Thread-5] o.s.m.s.b.SimpleBrokerMessageHandler     : Stopping...
2026-06-19T10:30:15.814+07:00  INFO 11080 --- [API_Server] [Thread-5] o.s.m.s.b.SimpleBrokerMessageHandler     : BrokerAvailabilityEvent[available=false, SimpleBrokerMessageHandler [org.springframework.messaging.simp.broker.DefaultSubscriptionRegistry@4dbefe76]]
2026-06-19T10:30:15.814+07:00  INFO 11080 --- [API_Server] [Thread-5] o.s.m.s.b.SimpleBrokerMessageHandler     : Stopped.
2026-06-19T10:30:15.818+07:00  INFO 11080 --- [API_Server] [Thread-5] j.LocalContainerEntityManagerFactoryBean : Closing JPA EntityManagerFactory for persistence unit 'default'
2026-06-19T10:30:15.821+07:00  INFO 11080 --- [API_Server] [Thread-5] com.zaxxer.hikari.HikariDataSource       : HikariPool-1 - Shutdown initiated...
2026-06-19T10:30:15.824+07:00  INFO 11080 --- [API_Server] [Thread-5] com.zaxxer.hikari.HikariDataSource       : HikariPool-1 - Shutdown completed.
2026-06-19T10:30:15.904+07:00  INFO 11080 --- [API_Server] [restartedMain] c.e.apiServer.ApiServerApplication       : Starting ApiServerApplication using Java 23.0.2 with PID 11080 (C:\project\PhuThanh_SpringBoot\API_Server\target\classes started by HDCP in C:\project\PhuThanh_SpringBoot\API_Server)
2026-06-19T10:30:15.904+07:00  INFO 11080 --- [API_Server] [restartedMain] c.e.apiServer.ApiServerApplication       : No active profile set, falling back to 1 default profile: "default"
2026-06-19T10:30:16.112+07:00  INFO 11080 --- [API_Server] [restartedMain] .s.d.r.c.RepositoryConfigurationDelegate : Bootstrapping Spring Data JPA repositories in DEFAULT mode.
2026-06-19T10:30:16.127+07:00  INFO 11080 --- [API_Server] [restartedMain] .s.d.r.c.RepositoryConfigurationDelegate : Finished Spring Data repository scanning in 13 ms. Found 2 JPA repository interfaces.
2026-06-19T10:30:16.245+07:00  INFO 11080 --- [API_Server] [restartedMain] o.s.b.w.embedded.tomcat.TomcatWebServer  : Tomcat initialized with port 8080 (http)
2026-06-19T10:30:16.245+07:00  INFO 11080 --- [API_Server] [restartedMain] o.apache.catalina.core.StandardService   : Starting service [Tomcat]
2026-06-19T10:30:16.246+07:00  INFO 11080 --- [API_Server] [restartedMain] o.apache.catalina.core.StandardEngine    : Starting Servlet engine: [Apache Tomcat/10.1.48]
2026-06-19T10:30:16.262+07:00  INFO 11080 --- [API_Server] [restartedMain] o.a.c.c.C.[Tomcat].[localhost].[/]       : Initializing Spring embedded WebApplicationContext
2026-06-19T10:30:16.262+07:00  INFO 11080 --- [API_Server] [restartedMain] w.s.c.ServletWebServerApplicationContext : Root WebApplicationContext: initialization completed in 357 ms
2026-06-19T10:30:16.312+07:00  INFO 11080 --- [API_Server] [restartedMain] o.hibernate.jpa.internal.util.LogHelper  : HHH000204: Processing PersistenceUnitInfo [name: default]
2026-06-19T10:30:16.314+07:00  INFO 11080 --- [API_Server] [restartedMain] o.h.c.internal.RegionFactoryInitiator    : HHH000026: Second-level cache disabled
2026-06-19T10:30:16.319+07:00  INFO 11080 --- [API_Server] [restartedMain] o.s.o.j.p.SpringPersistenceUnitInfo      : No LoadTimeWeaver setup: ignoring JPA class transformer
2026-06-19T10:30:16.320+07:00  INFO 11080 --- [API_Server] [restartedMain] com.zaxxer.hikari.HikariDataSource       : HikariPool-2 - Starting...
2026-06-19T10:30:16.333+07:00  INFO 11080 --- [API_Server] [restartedMain] com.zaxxer.hikari.pool.HikariPool        : HikariPool-2 - Added connection ConnectionID:11 ClientConnectionId: e719533f-7e16-455c-a0a0-cac14125dbc7
2026-06-19T10:30:16.334+07:00  INFO 11080 --- [API_Server] [restartedMain] com.zaxxer.hikari.HikariDataSource       : HikariPool-2 - Start completed.
2026-06-19T10:30:16.372+07:00  WARN 11080 --- [API_Server] [restartedMain] org.hibernate.orm.deprecation            : HHH90000025: SQLServerDialect does not need to be specified explicitly using 'hibernate.dialect' (remove the property setting and it will be selected by default)
2026-06-19T10:30:16.373+07:00  INFO 11080 --- [API_Server] [restartedMain] org.hibernate.orm.connections.pooling    : HHH10001005: Database info:
	Database JDBC URL [Connecting through datasource 'HikariDataSource (HikariPool-2)']
	Database driver: undefined/unknown
	Database version: 16.0
	Autocommit mode: undefined/unknown
	Isolation level: undefined/unknown
	Minimum pool size: undefined/unknown
	Maximum pool size: undefined/unknown
2026-06-19T10:30:16.402+07:00  INFO 11080 --- [API_Server] [restartedMain] o.h.e.t.j.p.i.JtaPlatformInitiator       : HHH000489: No JTA platform available (set 'hibernate.transaction.jta.platform' to enable JTA platform integration)
2026-06-19T10:30:17.105+07:00  INFO 11080 --- [API_Server] [restartedMain] j.LocalContainerEntityManagerFactoryBean : Initialized JPA EntityManagerFactory for persistence unit 'default'
2026-06-19T10:30:17.341+07:00  WARN 11080 --- [API_Server] [restartedMain] JpaBaseConfiguration$JpaWebConfiguration : spring.jpa.open-in-view is enabled by default. Therefore, database queries may be performed during view rendering. Explicitly configure spring.jpa.open-in-view to disable this warning
2026-06-19T10:30:17.374+07:00  WARN 11080 --- [API_Server] [restartedMain] .s.s.UserDetailsServiceAutoConfiguration : 

Using generated security password: 4982cc02-c069-4ab0-8ed8-c15b3dbd5fe4

This generated password is for development use only. Your security configuration must be updated before running your application in production.

2026-06-19T10:30:17.375+07:00  INFO 11080 --- [API_Server] [restartedMain] r$InitializeUserDetailsManagerConfigurer : Global AuthenticationManager configured with UserDetailsService bean with name inMemoryUserDetailsManager
2026-06-19T10:30:17.465+07:00  INFO 11080 --- [API_Server] [restartedMain] o.s.b.a.e.web.EndpointLinksResolver      : Exposing 4 endpoints beneath base path '/actuator'
2026-06-19T10:30:17.632+07:00  INFO 11080 --- [API_Server] [restartedMain] o.s.b.d.a.OptionalLiveReloadServer       : LiveReload server is running on port 35729
2026-06-19T10:30:17.643+07:00  INFO 11080 --- [API_Server] [restartedMain] o.s.m.s.b.SimpleBrokerMessageHandler     : Starting...
2026-06-19T10:30:17.643+07:00  INFO 11080 --- [API_Server] [restartedMain] o.s.m.s.b.SimpleBrokerMessageHandler     : BrokerAvailabilityEvent[available=true, SimpleBrokerMessageHandler [org.springframework.messaging.simp.broker.DefaultSubscriptionRegistry@281cb30a]]
2026-06-19T10:30:17.644+07:00  INFO 11080 --- [API_Server] [restartedMain] o.s.m.s.b.SimpleBrokerMessageHandler     : Started.
2026-06-19T10:30:17.646+07:00  INFO 11080 --- [API_Server] [restartedMain] o.s.b.w.embedded.tomcat.TomcatWebServer  : Tomcat started on port 8080 (http) with context path '/'
2026-06-19T10:30:17.650+07:00  INFO 11080 --- [API_Server] [restartedMain] c.e.apiServer.ApiServerApplication       : Started ApiServerApplication in 1.765 seconds (process running for 243.402)
2026-06-19T10:30:18.634+07:00  INFO 11080 --- [API_Server] [restartedMain] .ConditionEvaluationDeltaLoggingListener : Condition evaluation delta:


==========================
CONDITION EVALUATION DELTA
==========================


Positive matches:
-----------------

   ShutdownEndpointAutoConfiguration matched:
      - @ConditionalOnAvailableEndpoint marked as exposed by a 'management.endpoints.web.exposure' property (OnAvailableEndpointCondition)

   ShutdownEndpointAutoConfiguration#shutdownEndpoint matched:
      - @ConditionalOnMissingBean (types: org.springframework.boot.actuate.context.ShutdownEndpoint; SearchStrategy: all) did not find any beans (OnBeanCondition)

   SpringBootAdminClientAutoConfiguration matched:
      - @ConditionalOnWebApplication (required) found 'session' scope (OnWebApplicationCondition)
      - matched (SpringBootAdminClientEnabledCondition)

   SpringBootAdminClientAutoConfiguration#registrationListener matched:
      - @ConditionalOnMissingBean (types: de.codecentric.boot.admin.client.registration.RegistrationApplicationListener; SearchStrategy: all) did not find any beans (OnBeanCondition)

   SpringBootAdminClientAutoConfiguration#registrator matched:
      - @ConditionalOnMissingBean (types: de.codecentric.boot.admin.client.registration.ApplicationRegistrator; SearchStrategy: all) did not find any beans (OnBeanCondition)

   SpringBootAdminClientAutoConfiguration#startupDateMetadataContributor matched:
      - @ConditionalOnMissingBean (types: de.codecentric.boot.admin.client.registration.metadata.StartupDateMetadataContributor; SearchStrategy: all) did not find any beans (OnBeanCondition)

   SpringBootAdminClientAutoConfiguration.BlockingRegistrationClientConfig matched:
      - @ConditionalOnBean (types: org.springframework.boot.web.client.RestTemplateBuilder; SearchStrategy: all) found bean 'restTemplateBuilder' (OnBeanCondition)

   SpringBootAdminClientAutoConfiguration.RestClientRegistrationClientConfig matched:
      - @ConditionalOnBean (types: org.springframework.web.client.RestClient$Builder; SearchStrategy: all) found bean 'restClientBuilder' (OnBeanCondition)

   SpringBootAdminClientAutoConfiguration.RestClientRegistrationClientConfig#registrationClient matched:
      - @ConditionalOnMissingBean (types: de.codecentric.boot.admin.client.registration.RegistrationClient; SearchStrategy: all) did not find any beans (OnBeanCondition)

   SpringBootAdminClientAutoConfiguration.ServletConfiguration matched:
      - found 'session' scope (OnWebApplicationCondition)

   SpringBootAdminClientAutoConfiguration.ServletConfiguration#applicationFactory matched:
      - @ConditionalOnMissingBean (types: de.codecentric.boot.admin.client.registration.ApplicationFactory; SearchStrategy: all) did not find any beans (OnBeanCondition)

   SpringNativeClientAutoConfiguration matched:
      - @ConditionalOnWebApplication (required) found 'session' scope (OnWebApplicationCondition)
      - matched (SpringBootAdminClientEnabledCondition)


Negative matches:
-----------------

   SpringBootAdminClientAutoConfiguration.BlockingRegistrationClientConfig#registrationClient:
      Did not match:
         - @ConditionalOnMissingBean (types: de.codecentric.boot.admin.client.registration.RegistrationClient; SearchStrategy: all) found beans of type 'de.codecentric.boot.admin.client.registration.RegistrationClient' registrationClient (OnBeanCondition)

   SpringBootAdminClientAutoConfiguration.ReactiveConfiguration:
      Did not match:
         - did not find reactive web application classes (OnWebApplicationCondition)

   SpringBootAdminClientAutoConfiguration.ReactiveRegistrationClientConfig:
      Did not match:
         - @ConditionalOnBean did not find required type 'org.springframework.web.reactive.function.client.WebClient$Builder' (OnBeanCondition)
         - @ConditionalOnBean (types: ?; SearchStrategy: all) did not find any beans of type ? (OnBeanCondition)


Exclusions:
-----------

    None


Unconditional classes:
----------------------

    None



2026-06-19T10:30:18.707+07:00  INFO 11080 --- [API_Server] [http-nio-8080-exec-1] o.a.c.c.C.[Tomcat].[localhost].[/]       : Initializing Spring DispatcherServlet 'dispatcherServlet'
2026-06-19T10:30:18.707+07:00  INFO 11080 --- [API_Server] [http-nio-8080-exec-1] o.s.web.servlet.DispatcherServlet        : Initializing Servlet 'dispatcherServlet'
2026-06-19T10:30:18.708+07:00  INFO 11080 --- [API_Server] [http-nio-8080-exec-1] o.s.web.servlet.DispatcherServlet        : Completed initialization in 1 ms
2026-06-19T10:30:18.725+07:00  WARN 11080 --- [API_Server] [registrationTask1] d.c.b.a.c.r.ApplicationRegistrator       : Failed to register application as Application(name=API_Server, managementUrl=http://DESKTOP-4DLUCN9:8080/actuator, healthUrl=http://DESKTOP-4DLUCN9:8080/actuator/health, serviceUrl=http://DESKTOP-4DLUCN9:8080/) at spring-boot-admin ([http://localhost:8080/instances]): 403 : [no body]. Further attempts are logged on DEBUG level

org.springframework.web.client.HttpClientErrorException$Forbidden: 403 : [no body]
	at org.springframework.web.client.HttpClientErrorException.create(HttpClientErrorException.java:109) ~[spring-web-6.2.12.jar:6.2.12]
	at org.springframework.web.client.StatusHandler.lambda$defaultHandler$3(StatusHandler.java:86) ~[spring-web-6.2.12.jar:6.2.12]
	at org.springframework.web.client.StatusHandler.handle(StatusHandler.java:146) ~[spring-web-6.2.12.jar:6.2.12]
	at org.springframework.web.client.DefaultRestClient$DefaultResponseSpec.applyStatusHandlers(DefaultRestClient.java:838) ~[spring-web-6.2.12.jar:6.2.12]
	at org.springframework.web.client.DefaultRestClient$DefaultResponseSpec.lambda$readBody$4(DefaultRestClient.java:827) ~[spring-web-6.2.12.jar:6.2.12]
	at org.springframework.web.client.DefaultRestClient.readWithMessageConverters(DefaultRestClient.java:216) ~[spring-web-6.2.12.jar:6.2.12]
	at org.springframework.web.client.DefaultRestClient$DefaultResponseSpec.readBody(DefaultRestClient.java:826) ~[spring-web-6.2.12.jar:6.2.12]
	at org.springframework.web.client.DefaultRestClient$DefaultResponseSpec.lambda$body$1(DefaultRestClient.java:765) ~[spring-web-6.2.12.jar:6.2.12]
	at org.springframework.web.client.DefaultRestClient$DefaultRequestBodyUriSpec.exchangeInternal(DefaultRestClient.java:586) ~[spring-web-6.2.12.jar:6.2.12]
	at org.springframework.web.client.DefaultRestClient$DefaultRequestBodyUriSpec.exchange(DefaultRestClient.java:540) ~[spring-web-6.2.12.jar:6.2.12]
	at org.springframework.web.client.RestClient$RequestHeadersSpec.exchange(RestClient.java:680) ~[spring-web-6.2.12.jar:6.2.12]
	at org.springframework.web.client.DefaultRestClient$DefaultResponseSpec.executeAndExtract(DefaultRestClient.java:821) ~[spring-web-6.2.12.jar:6.2.12]
	at org.springframework.web.client.DefaultRestClient$DefaultResponseSpec.body(DefaultRestClient.java:765) ~[spring-web-6.2.12.jar:6.2.12]
	at de.codecentric.boot.admin.client.registration.RestClientRegistrationClient.register(RestClientRegistrationClient.java:45) ~[spring-boot-admin-client-3.4.5.jar:3.4.5]
	at de.codecentric.boot.admin.client.registration.DefaultApplicationRegistrator.register(DefaultApplicationRegistrator.java:80) ~[spring-boot-admin-client-3.4.5.jar:3.4.5]
	at de.codecentric.boot.admin.client.registration.DefaultApplicationRegistrator.register(DefaultApplicationRegistrator.java:61) ~[spring-boot-admin-client-3.4.5.jar:3.4.5]
	at org.springframework.scheduling.support.DelegatingErrorHandlingRunnable.run(DelegatingErrorHandlingRunnable.java:54) ~[spring-context-6.2.12.jar:6.2.12]
	at java.base/java.util.concurrent.Executors$RunnableAdapter.call(Executors.java:572) ~[na:na]
	at java.base/java.util.concurrent.FutureTask.runAndReset(FutureTask.java:358) ~[na:na]
	at java.base/java.util.concurrent.ScheduledThreadPoolExecutor$ScheduledFutureTask.run(ScheduledThreadPoolExecutor.java:305) ~[na:na]
	at java.base/java.util.concurrent.ThreadPoolExecutor.runWorker(ThreadPoolExecutor.java:1144) ~[na:na]
	at java.base/java.util.concurrent.ThreadPoolExecutor$Worker.run(ThreadPoolExecutor.java:642) ~[na:na]
	at java.base/java.lang.Thread.run(Thread.java:1575) ~[na:na]

2026-06-19T10:30:56.039+07:00  INFO 11080 --- [API_Server] [File Watcher] rtingClassPathChangeChangedEventListener : Restarting due to 1 class path change (0 additions, 0 deletions, 1 modification)
2026-06-19T10:30:56.041+07:00  INFO 11080 --- [API_Server] [Thread-7] o.s.b.w.e.tomcat.GracefulShutdown        : Commencing graceful shutdown. Waiting for active requests to complete
2026-06-19T10:30:56.044+07:00  INFO 11080 --- [API_Server] [tomcat-shutdown] o.s.b.w.e.tomcat.GracefulShutdown        : Graceful shutdown complete
2026-06-19T10:30:56.044+07:00  INFO 11080 --- [API_Server] [Thread-7] o.s.m.s.b.SimpleBrokerMessageHandler     : Stopping...
2026-06-19T10:30:56.044+07:00  INFO 11080 --- [API_Server] [Thread-7] o.s.m.s.b.SimpleBrokerMessageHandler     : BrokerAvailabilityEvent[available=false, SimpleBrokerMessageHandler [org.springframework.messaging.simp.broker.DefaultSubscriptionRegistry@281cb30a]]
2026-06-19T10:30:56.044+07:00  INFO 11080 --- [API_Server] [Thread-7] o.s.m.s.b.SimpleBrokerMessageHandler     : Stopped.
2026-06-19T10:30:56.047+07:00  INFO 11080 --- [API_Server] [Thread-7] j.LocalContainerEntityManagerFactoryBean : Closing JPA EntityManagerFactory for persistence unit 'default'
2026-06-19T10:30:56.047+07:00  INFO 11080 --- [API_Server] [Thread-7] com.zaxxer.hikari.HikariDataSource       : HikariPool-2 - Shutdown initiated...
2026-06-19T10:30:56.049+07:00  INFO 11080 --- [API_Server] [Thread-7] com.zaxxer.hikari.HikariDataSource       : HikariPool-2 - Shutdown completed.
2026-06-19T10:30:56.122+07:00  INFO 11080 --- [API_Server] [restartedMain] c.e.apiServer.ApiServerApplication       : Starting ApiServerApplication using Java 23.0.2 with PID 11080 (C:\project\PhuThanh_SpringBoot\API_Server\target\classes started by HDCP in C:\project\PhuThanh_SpringBoot\API_Server)
2026-06-19T10:30:56.122+07:00  INFO 11080 --- [API_Server] [restartedMain] c.e.apiServer.ApiServerApplication       : No active profile set, falling back to 1 default profile: "default"
2026-06-19T10:30:56.322+07:00  INFO 11080 --- [API_Server] [restartedMain] .s.d.r.c.RepositoryConfigurationDelegate : Bootstrapping Spring Data JPA repositories in DEFAULT mode.
2026-06-19T10:30:56.332+07:00  INFO 11080 --- [API_Server] [restartedMain] .s.d.r.c.RepositoryConfigurationDelegate : Finished Spring Data repository scanning in 9 ms. Found 2 JPA repository interfaces.
2026-06-19T10:30:56.429+07:00  INFO 11080 --- [API_Server] [restartedMain] o.s.b.w.embedded.tomcat.TomcatWebServer  : Tomcat initialized with port 8080 (http)
2026-06-19T10:30:56.430+07:00  INFO 11080 --- [API_Server] [restartedMain] o.apache.catalina.core.StandardService   : Starting service [Tomcat]
2026-06-19T10:30:56.430+07:00  INFO 11080 --- [API_Server] [restartedMain] o.apache.catalina.core.StandardEngine    : Starting Servlet engine: [Apache Tomcat/10.1.48]
2026-06-19T10:30:56.445+07:00  INFO 11080 --- [API_Server] [restartedMain] o.a.c.c.C.[Tomcat].[localhost].[/]       : Initializing Spring embedded WebApplicationContext
2026-06-19T10:30:56.446+07:00  INFO 11080 --- [API_Server] [restartedMain] w.s.c.ServletWebServerApplicationContext : Root WebApplicationContext: initialization completed in 322 ms
2026-06-19T10:30:56.495+07:00  INFO 11080 --- [API_Server] [restartedMain] o.hibernate.jpa.internal.util.LogHelper  : HHH000204: Processing PersistenceUnitInfo [name: default]
2026-06-19T10:30:56.497+07:00  INFO 11080 --- [API_Server] [restartedMain] o.h.c.internal.RegionFactoryInitiator    : HHH000026: Second-level cache disabled
2026-06-19T10:30:56.501+07:00  INFO 11080 --- [API_Server] [restartedMain] o.s.o.j.p.SpringPersistenceUnitInfo      : No LoadTimeWeaver setup: ignoring JPA class transformer
2026-06-19T10:30:56.502+07:00  INFO 11080 --- [API_Server] [restartedMain] com.zaxxer.hikari.HikariDataSource       : HikariPool-3 - Starting...
2026-06-19T10:30:56.516+07:00  INFO 11080 --- [API_Server] [restartedMain] com.zaxxer.hikari.pool.HikariPool        : HikariPool-3 - Added connection ConnectionID:21 ClientConnectionId: 0e2f31a6-ebcc-4b74-a6ff-df5fca8ab1b3
2026-06-19T10:30:56.516+07:00  INFO 11080 --- [API_Server] [restartedMain] com.zaxxer.hikari.HikariDataSource       : HikariPool-3 - Start completed.
2026-06-19T10:30:56.545+07:00  WARN 11080 --- [API_Server] [restartedMain] org.hibernate.orm.deprecation            : HHH90000025: SQLServerDialect does not need to be specified explicitly using 'hibernate.dialect' (remove the property setting and it will be selected by default)
2026-06-19T10:30:56.546+07:00  INFO 11080 --- [API_Server] [restartedMain] org.hibernate.orm.connections.pooling    : HHH10001005: Database info:
	Database JDBC URL [Connecting through datasource 'HikariDataSource (HikariPool-3)']
	Database driver: undefined/unknown
	Database version: 16.0
	Autocommit mode: undefined/unknown
	Isolation level: undefined/unknown
	Minimum pool size: undefined/unknown
	Maximum pool size: undefined/unknown
2026-06-19T10:30:56.574+07:00  INFO 11080 --- [API_Server] [restartedMain] o.h.e.t.j.p.i.JtaPlatformInitiator       : HHH000489: No JTA platform available (set 'hibernate.transaction.jta.platform' to enable JTA platform integration)
2026-06-19T10:30:56.989+07:00  INFO 11080 --- [API_Server] [restartedMain] j.LocalContainerEntityManagerFactoryBean : Initialized JPA EntityManagerFactory for persistence unit 'default'
2026-06-19T10:30:57.154+07:00  WARN 11080 --- [API_Server] [restartedMain] JpaBaseConfiguration$JpaWebConfiguration : spring.jpa.open-in-view is enabled by default. Therefore, database queries may be performed during view rendering. Explicitly configure spring.jpa.open-in-view to disable this warning
2026-06-19T10:30:57.184+07:00  WARN 11080 --- [API_Server] [restartedMain] .s.s.UserDetailsServiceAutoConfiguration : 

Using generated security password: ce2eab54-a4e9-4e7d-ab29-8cbe74badae3

This generated password is for development use only. Your security configuration must be updated before running your application in production.

2026-06-19T10:30:57.186+07:00  INFO 11080 --- [API_Server] [restartedMain] r$InitializeUserDetailsManagerConfigurer : Global AuthenticationManager configured with UserDetailsService bean with name inMemoryUserDetailsManager
2026-06-19T10:30:57.267+07:00  INFO 11080 --- [API_Server] [restartedMain] o.s.b.a.e.web.EndpointLinksResolver      : Exposing 4 endpoints beneath base path '/actuator'
2026-06-19T10:30:57.392+07:00  INFO 11080 --- [API_Server] [restartedMain] o.s.b.d.a.OptionalLiveReloadServer       : LiveReload server is running on port 35729
2026-06-19T10:30:57.399+07:00  INFO 11080 --- [API_Server] [restartedMain] o.s.m.s.b.SimpleBrokerMessageHandler     : Starting...
2026-06-19T10:30:57.399+07:00  INFO 11080 --- [API_Server] [restartedMain] o.s.m.s.b.SimpleBrokerMessageHandler     : BrokerAvailabilityEvent[available=true, SimpleBrokerMessageHandler [org.springframework.messaging.simp.broker.DefaultSubscriptionRegistry@4f024cab]]
2026-06-19T10:30:57.400+07:00  INFO 11080 --- [API_Server] [restartedMain] o.s.m.s.b.SimpleBrokerMessageHandler     : Started.
2026-06-19T10:30:57.402+07:00  INFO 11080 --- [API_Server] [restartedMain] o.s.b.w.embedded.tomcat.TomcatWebServer  : Tomcat started on port 8080 (http) with context path '/'
2026-06-19T10:30:57.409+07:00  INFO 11080 --- [API_Server] [restartedMain] c.e.apiServer.ApiServerApplication       : Started ApiServerApplication in 1.303 seconds (process running for 283.161)
2026-06-19T10:30:58.407+07:00  INFO 11080 --- [API_Server] [restartedMain] .ConditionEvaluationDeltaLoggingListener : Condition evaluation unchanged
2026-06-19T10:30:58.413+07:00  INFO 11080 --- [API_Server] [http-nio-8080-exec-1] o.a.c.c.C.[Tomcat].[localhost].[/]       : Initializing Spring DispatcherServlet 'dispatcherServlet'
2026-06-19T10:30:58.413+07:00  INFO 11080 --- [API_Server] [http-nio-8080-exec-1] o.s.web.servlet.DispatcherServlet        : Initializing Servlet 'dispatcherServlet'
2026-06-19T10:30:58.414+07:00  INFO 11080 --- [API_Server] [http-nio-8080-exec-1] o.s.web.servlet.DispatcherServlet        : Completed initialization in 1 ms
2026-06-19T10:30:58.423+07:00  WARN 11080 --- [API_Server] [registrationTask1] d.c.b.a.c.r.ApplicationRegistrator       : Failed to register application as Application(name=API_Server, managementUrl=http://DESKTOP-4DLUCN9:8080/actuator, healthUrl=http://DESKTOP-4DLUCN9:8080/actuator/health, serviceUrl=http://DESKTOP-4DLUCN9:8080/) at spring-boot-admin ([http://localhost:8080/instances]): 403 : [no body]. Further attempts are logged on DEBUG level

org.springframework.web.client.HttpClientErrorException$Forbidden: 403 : [no body]
	at org.springframework.web.client.HttpClientErrorException.create(HttpClientErrorException.java:109) ~[spring-web-6.2.12.jar:6.2.12]
	at org.springframework.web.client.StatusHandler.lambda$defaultHandler$3(StatusHandler.java:86) ~[spring-web-6.2.12.jar:6.2.12]
	at org.springframework.web.client.StatusHandler.handle(StatusHandler.java:146) ~[spring-web-6.2.12.jar:6.2.12]
	at org.springframework.web.client.DefaultRestClient$DefaultResponseSpec.applyStatusHandlers(DefaultRestClient.java:838) ~[spring-web-6.2.12.jar:6.2.12]
	at org.springframework.web.client.DefaultRestClient$DefaultResponseSpec.lambda$readBody$4(DefaultRestClient.java:827) ~[spring-web-6.2.12.jar:6.2.12]
	at org.springframework.web.client.DefaultRestClient.readWithMessageConverters(DefaultRestClient.java:216) ~[spring-web-6.2.12.jar:6.2.12]
	at org.springframework.web.client.DefaultRestClient$DefaultResponseSpec.readBody(DefaultRestClient.java:826) ~[spring-web-6.2.12.jar:6.2.12]
	at org.springframework.web.client.DefaultRestClient$DefaultResponseSpec.lambda$body$1(DefaultRestClient.java:765) ~[spring-web-6.2.12.jar:6.2.12]
	at org.springframework.web.client.DefaultRestClient$DefaultRequestBodyUriSpec.exchangeInternal(DefaultRestClient.java:586) ~[spring-web-6.2.12.jar:6.2.12]
	at org.springframework.web.client.DefaultRestClient$DefaultRequestBodyUriSpec.exchange(DefaultRestClient.java:540) ~[spring-web-6.2.12.jar:6.2.12]
	at org.springframework.web.client.RestClient$RequestHeadersSpec.exchange(RestClient.java:680) ~[spring-web-6.2.12.jar:6.2.12]
	at org.springframework.web.client.DefaultRestClient$DefaultResponseSpec.executeAndExtract(DefaultRestClient.java:821) ~[spring-web-6.2.12.jar:6.2.12]
	at org.springframework.web.client.DefaultRestClient$DefaultResponseSpec.body(DefaultRestClient.java:765) ~[spring-web-6.2.12.jar:6.2.12]
	at de.codecentric.boot.admin.client.registration.RestClientRegistrationClient.register(RestClientRegistrationClient.java:45) ~[spring-boot-admin-client-3.4.5.jar:3.4.5]
	at de.codecentric.boot.admin.client.registration.DefaultApplicationRegistrator.register(DefaultApplicationRegistrator.java:80) ~[spring-boot-admin-client-3.4.5.jar:3.4.5]
	at de.codecentric.boot.admin.client.registration.DefaultApplicationRegistrator.register(DefaultApplicationRegistrator.java:61) ~[spring-boot-admin-client-3.4.5.jar:3.4.5]
	at org.springframework.scheduling.support.DelegatingErrorHandlingRunnable.run(DelegatingErrorHandlingRunnable.java:54) ~[spring-context-6.2.12.jar:6.2.12]
	at java.base/java.util.concurrent.Executors$RunnableAdapter.call(Executors.java:572) ~[na:na]
	at java.base/java.util.concurrent.FutureTask.runAndReset(FutureTask.java:358) ~[na:na]
	at java.base/java.util.concurrent.ScheduledThreadPoolExecutor$ScheduledFutureTask.run(ScheduledThreadPoolExecutor.java:305) ~[na:na]
	at java.base/java.util.concurrent.ThreadPoolExecutor.runWorker(ThreadPoolExecutor.java:1144) ~[na:na]
	at java.base/java.util.concurrent.ThreadPoolExecutor$Worker.run(ThreadPoolExecutor.java:642) ~[na:na]
	at java.base/java.lang.Thread.run(Thread.java:1575) ~[na:na]

2026-06-19T10:31:57.364+07:00  INFO 11080 --- [API_Server] [File Watcher] rtingClassPathChangeChangedEventListener : Restarting due to 1 class path change (0 additions, 0 deletions, 1 modification)
2026-06-19T10:31:57.366+07:00  INFO 11080 --- [API_Server] [Thread-11] o.s.b.w.e.tomcat.GracefulShutdown        : Commencing graceful shutdown. Waiting for active requests to complete
2026-06-19T10:31:57.370+07:00  INFO 11080 --- [API_Server] [tomcat-shutdown] o.s.b.w.e.tomcat.GracefulShutdown        : Graceful shutdown complete
2026-06-19T10:31:57.372+07:00  INFO 11080 --- [API_Server] [Thread-11] o.s.m.s.b.SimpleBrokerMessageHandler     : Stopping...
2026-06-19T10:31:57.372+07:00  INFO 11080 --- [API_Server] [Thread-11] o.s.m.s.b.SimpleBrokerMessageHandler     : BrokerAvailabilityEvent[available=false, SimpleBrokerMessageHandler [org.springframework.messaging.simp.broker.DefaultSubscriptionRegistry@4f024cab]]
2026-06-19T10:31:57.372+07:00  INFO 11080 --- [API_Server] [Thread-11] o.s.m.s.b.SimpleBrokerMessageHandler     : Stopped.
2026-06-19T10:31:57.375+07:00  INFO 11080 --- [API_Server] [Thread-11] j.LocalContainerEntityManagerFactoryBean : Closing JPA EntityManagerFactory for persistence unit 'default'
2026-06-19T10:31:57.376+07:00  INFO 11080 --- [API_Server] [Thread-11] com.zaxxer.hikari.HikariDataSource       : HikariPool-3 - Shutdown initiated...
2026-06-19T10:31:57.379+07:00  INFO 11080 --- [API_Server] [Thread-11] com.zaxxer.hikari.HikariDataSource       : HikariPool-3 - Shutdown completed.
2026-06-19T10:31:57.444+07:00  INFO 11080 --- [API_Server] [restartedMain] c.e.apiServer.ApiServerApplication       : Starting ApiServerApplication using Java 23.0.2 with PID 11080 (C:\project\PhuThanh_SpringBoot\API_Server\target\classes started by HDCP in C:\project\PhuThanh_SpringBoot\API_Server)
2026-06-19T10:31:57.444+07:00  INFO 11080 --- [API_Server] [restartedMain] c.e.apiServer.ApiServerApplication       : No active profile set, falling back to 1 default profile: "default"
2026-06-19T10:31:57.619+07:00  INFO 11080 --- [API_Server] [restartedMain] .s.d.r.c.RepositoryConfigurationDelegate : Bootstrapping Spring Data JPA repositories in DEFAULT mode.
2026-06-19T10:31:57.630+07:00  INFO 11080 --- [API_Server] [restartedMain] .s.d.r.c.RepositoryConfigurationDelegate : Finished Spring Data repository scanning in 9 ms. Found 2 JPA repository interfaces.
2026-06-19T10:31:57.709+07:00  INFO 11080 --- [API_Server] [restartedMain] o.s.b.w.embedded.tomcat.TomcatWebServer  : Tomcat initialized with port 8080 (http)
2026-06-19T10:31:57.710+07:00  INFO 11080 --- [API_Server] [restartedMain] o.apache.catalina.core.StandardService   : Starting service [Tomcat]
2026-06-19T10:31:57.710+07:00  INFO 11080 --- [API_Server] [restartedMain] o.apache.catalina.core.StandardEngine    : Starting Servlet engine: [Apache Tomcat/10.1.48]
2026-06-19T10:31:57.724+07:00  INFO 11080 --- [API_Server] [restartedMain] o.a.c.c.C.[Tomcat].[localhost].[/]       : Initializing Spring embedded WebApplicationContext
2026-06-19T10:31:57.725+07:00  INFO 11080 --- [API_Server] [restartedMain] w.s.c.ServletWebServerApplicationContext : Root WebApplicationContext: initialization completed in 280 ms
2026-06-19T10:31:57.767+07:00  INFO 11080 --- [API_Server] [restartedMain] o.hibernate.jpa.internal.util.LogHelper  : HHH000204: Processing PersistenceUnitInfo [name: default]
2026-06-19T10:31:57.770+07:00  INFO 11080 --- [API_Server] [restartedMain] o.h.c.internal.RegionFactoryInitiator    : HHH000026: Second-level cache disabled
2026-06-19T10:31:57.775+07:00  INFO 11080 --- [API_Server] [restartedMain] o.s.o.j.p.SpringPersistenceUnitInfo      : No LoadTimeWeaver setup: ignoring JPA class transformer
2026-06-19T10:31:57.775+07:00  INFO 11080 --- [API_Server] [restartedMain] com.zaxxer.hikari.HikariDataSource       : HikariPool-4 - Starting...
2026-06-19T10:31:57.787+07:00  INFO 11080 --- [API_Server] [restartedMain] com.zaxxer.hikari.pool.HikariPool        : HikariPool-4 - Added connection ConnectionID:31 ClientConnectionId: acabf35d-c121-4409-b17f-897d908f007f
2026-06-19T10:31:57.788+07:00  INFO 11080 --- [API_Server] [restartedMain] com.zaxxer.hikari.HikariDataSource       : HikariPool-4 - Start completed.
2026-06-19T10:31:57.825+07:00  WARN 11080 --- [API_Server] [restartedMain] org.hibernate.orm.deprecation            : HHH90000025: SQLServerDialect does not need to be specified explicitly using 'hibernate.dialect' (remove the property setting and it will be selected by default)
2026-06-19T10:31:57.826+07:00  INFO 11080 --- [API_Server] [restartedMain] org.hibernate.orm.connections.pooling    : HHH10001005: Database info:
	Database JDBC URL [Connecting through datasource 'HikariDataSource (HikariPool-4)']
	Database driver: undefined/unknown
	Database version: 16.0
	Autocommit mode: undefined/unknown
	Isolation level: undefined/unknown
	Minimum pool size: undefined/unknown
	Maximum pool size: undefined/unknown
2026-06-19T10:31:57.855+07:00  INFO 11080 --- [API_Server] [restartedMain] o.h.e.t.j.p.i.JtaPlatformInitiator       : HHH000489: No JTA platform available (set 'hibernate.transaction.jta.platform' to enable JTA platform integration)
2026-06-19T10:31:58.275+07:00  INFO 11080 --- [API_Server] [restartedMain] j.LocalContainerEntityManagerFactoryBean : Initialized JPA EntityManagerFactory for persistence unit 'default'
2026-06-19T10:31:58.454+07:00  WARN 11080 --- [API_Server] [restartedMain] JpaBaseConfiguration$JpaWebConfiguration : spring.jpa.open-in-view is enabled by default. Therefore, database queries may be performed during view rendering. Explicitly configure spring.jpa.open-in-view to disable this warning
2026-06-19T10:31:58.487+07:00  WARN 11080 --- [API_Server] [restartedMain] .s.s.UserDetailsServiceAutoConfiguration : 

Using generated security password: 3df4e4bc-5b05-4d54-b4fc-2ecc3b15f7ee

This generated password is for development use only. Your security configuration must be updated before running your application in production.

2026-06-19T10:31:58.489+07:00  INFO 11080 --- [API_Server] [restartedMain] r$InitializeUserDetailsManagerConfigurer : Global AuthenticationManager configured with UserDetailsService bean with name inMemoryUserDetailsManager
2026-06-19T10:31:58.575+07:00  INFO 11080 --- [API_Server] [restartedMain] o.s.b.a.e.web.EndpointLinksResolver      : Exposing 4 endpoints beneath base path '/actuator'
2026-06-19T10:31:58.730+07:00  INFO 11080 --- [API_Server] [restartedMain] o.s.b.d.a.OptionalLiveReloadServer       : LiveReload server is running on port 35729
2026-06-19T10:31:58.739+07:00  INFO 11080 --- [API_Server] [restartedMain] o.s.m.s.b.SimpleBrokerMessageHandler     : Starting...
2026-06-19T10:31:58.739+07:00  INFO 11080 --- [API_Server] [restartedMain] o.s.m.s.b.SimpleBrokerMessageHandler     : BrokerAvailabilityEvent[available=true, SimpleBrokerMessageHandler [org.springframework.messaging.simp.broker.DefaultSubscriptionRegistry@1c355135]]
2026-06-19T10:31:58.740+07:00  INFO 11080 --- [API_Server] [restartedMain] o.s.m.s.b.SimpleBrokerMessageHandler     : Started.
2026-06-19T10:31:58.742+07:00  INFO 11080 --- [API_Server] [restartedMain] o.s.b.w.embedded.tomcat.TomcatWebServer  : Tomcat started on port 8080 (http) with context path '/'
2026-06-19T10:31:58.745+07:00  INFO 11080 --- [API_Server] [restartedMain] c.e.apiServer.ApiServerApplication       : Started ApiServerApplication in 1.316 seconds (process running for 344.497)
2026-06-19T10:31:59.681+07:00  INFO 11080 --- [API_Server] [restartedMain] .ConditionEvaluationDeltaLoggingListener : Condition evaluation unchanged
2026-06-19T10:31:59.687+07:00  INFO 11080 --- [API_Server] [http-nio-8080-exec-1] o.a.c.c.C.[Tomcat].[localhost].[/]       : Initializing Spring DispatcherServlet 'dispatcherServlet'
2026-06-19T10:31:59.687+07:00  INFO 11080 --- [API_Server] [http-nio-8080-exec-1] o.s.web.servlet.DispatcherServlet        : Initializing Servlet 'dispatcherServlet'
2026-06-19T10:31:59.688+07:00  INFO 11080 --- [API_Server] [http-nio-8080-exec-1] o.s.web.servlet.DispatcherServlet        : Completed initialization in 1 ms
2026-06-19T10:31:59.696+07:00  WARN 11080 --- [API_Server] [registrationTask1] d.c.b.a.c.r.ApplicationRegistrator       : Failed to register application as Application(name=API_Server, managementUrl=http://DESKTOP-4DLUCN9:8080/actuator, healthUrl=http://DESKTOP-4DLUCN9:8080/actuator/health, serviceUrl=http://DESKTOP-4DLUCN9:8080/) at spring-boot-admin ([http://localhost:8080/instances]): 403 : [no body]. Further attempts are logged on DEBUG level

org.springframework.web.client.HttpClientErrorException$Forbidden: 403 : [no body]
	at org.springframework.web.client.HttpClientErrorException.create(HttpClientErrorException.java:109) ~[spring-web-6.2.12.jar:6.2.12]
	at org.springframework.web.client.StatusHandler.lambda$defaultHandler$3(StatusHandler.java:86) ~[spring-web-6.2.12.jar:6.2.12]
	at org.springframework.web.client.StatusHandler.handle(StatusHandler.java:146) ~[spring-web-6.2.12.jar:6.2.12]
	at org.springframework.web.client.DefaultRestClient$DefaultResponseSpec.applyStatusHandlers(DefaultRestClient.java:838) ~[spring-web-6.2.12.jar:6.2.12]
	at org.springframework.web.client.DefaultRestClient$DefaultResponseSpec.lambda$readBody$4(DefaultRestClient.java:827) ~[spring-web-6.2.12.jar:6.2.12]
	at org.springframework.web.client.DefaultRestClient.readWithMessageConverters(DefaultRestClient.java:216) ~[spring-web-6.2.12.jar:6.2.12]
	at org.springframework.web.client.DefaultRestClient$DefaultResponseSpec.readBody(DefaultRestClient.java:826) ~[spring-web-6.2.12.jar:6.2.12]
	at org.springframework.web.client.DefaultRestClient$DefaultResponseSpec.lambda$body$1(DefaultRestClient.java:765) ~[spring-web-6.2.12.jar:6.2.12]
	at org.springframework.web.client.DefaultRestClient$DefaultRequestBodyUriSpec.exchangeInternal(DefaultRestClient.java:586) ~[spring-web-6.2.12.jar:6.2.12]
	at org.springframework.web.client.DefaultRestClient$DefaultRequestBodyUriSpec.exchange(DefaultRestClient.java:540) ~[spring-web-6.2.12.jar:6.2.12]
	at org.springframework.web.client.RestClient$RequestHeadersSpec.exchange(RestClient.java:680) ~[spring-web-6.2.12.jar:6.2.12]
	at org.springframework.web.client.DefaultRestClient$DefaultResponseSpec.executeAndExtract(DefaultRestClient.java:821) ~[spring-web-6.2.12.jar:6.2.12]
	at org.springframework.web.client.DefaultRestClient$DefaultResponseSpec.body(DefaultRestClient.java:765) ~[spring-web-6.2.12.jar:6.2.12]
	at de.codecentric.boot.admin.client.registration.RestClientRegistrationClient.register(RestClientRegistrationClient.java:45) ~[spring-boot-admin-client-3.4.5.jar:3.4.5]
	at de.codecentric.boot.admin.client.registration.DefaultApplicationRegistrator.register(DefaultApplicationRegistrator.java:80) ~[spring-boot-admin-client-3.4.5.jar:3.4.5]
	at de.codecentric.boot.admin.client.registration.DefaultApplicationRegistrator.register(DefaultApplicationRegistrator.java:61) ~[spring-boot-admin-client-3.4.5.jar:3.4.5]
	at org.springframework.scheduling.support.DelegatingErrorHandlingRunnable.run(DelegatingErrorHandlingRunnable.java:54) ~[spring-context-6.2.12.jar:6.2.12]
	at java.base/java.util.concurrent.Executors$RunnableAdapter.call(Executors.java:572) ~[na:na]
	at java.base/java.util.concurrent.FutureTask.runAndReset(FutureTask.java:358) ~[na:na]
	at java.base/java.util.concurrent.ScheduledThreadPoolExecutor$ScheduledFutureTask.run(ScheduledThreadPoolExecutor.java:305) ~[na:na]
	at java.base/java.util.concurrent.ThreadPoolExecutor.runWorker(ThreadPoolExecutor.java:1144) ~[na:na]
	at java.base/java.util.concurrent.ThreadPoolExecutor$Worker.run(ThreadPoolExecutor.java:642) ~[na:na]
	at java.base/java.lang.Thread.run(Thread.java:1575) ~[na:na]

2026-06-19T10:32:12.694+07:00  INFO 11080 --- [API_Server] [SpringApplicationShutdownHook] o.s.b.w.e.tomcat.GracefulShutdown        : Commencing graceful shutdown. Waiting for active requests to complete
2026-06-19T10:32:12.696+07:00  INFO 11080 --- [API_Server] [tomcat-shutdown] o.s.b.w.e.tomcat.GracefulShutdown        : Graceful shutdown complete
2026-06-19T10:32:12.697+07:00  INFO 11080 --- [API_Server] [SpringApplicationShutdownHook] o.s.m.s.b.SimpleBrokerMessageHandler     : Stopping...
2026-06-19T10:32:12.697+07:00  INFO 11080 --- [API_Server] [SpringApplicationShutdownHook] o.s.m.s.b.SimpleBrokerMessageHandler     : BrokerAvailabilityEvent[available=false, SimpleBrokerMessageHandler [org.springframework.messaging.simp.broker.DefaultSubscriptionRegistry@1c355135]]
2026-06-19T10:32:12.698+07:00  INFO 11080 --- [API_Server] [SpringApplicationShutdownHook] o.s.m.s.b.SimpleBrokerMessageHandler     : Stopped.
2026-06-19T10:32:12.700+07:00  INFO 11080 --- [API_Server] [SpringApplicationShutdownHook] j.LocalContainerEntityManagerFactoryBean : Closing JPA EntityManagerFactory for persistence unit 'default'
2026-06-19T10:32:12.700+07:00  INFO 11080 --- [API_Server] [SpringApplicationShutdownHook] com.zaxxer.hikari.HikariDataSource       : HikariPool-4 - Shutdown initiated...
2026-06-19T10:32:12.705+07:00  INFO 11080 --- [API_Server] [SpringApplicationShutdownHook] com.zaxxer.hikari.HikariDataSource       : HikariPool-4 - Shutdown completed.
2026-06-19T10:32:17.545+07:00  INFO 7556 --- [API_Server] [restartedMain] c.e.apiServer.ApiServerApplication       : Starting ApiServerApplication using Java 23.0.2 with PID 7556 (C:\project\PhuThanh_SpringBoot\API_Server\target\classes started by HDCP in C:\project\PhuThanh_SpringBoot\API_Server)
2026-06-19T10:32:17.547+07:00  INFO 7556 --- [API_Server] [restartedMain] c.e.apiServer.ApiServerApplication       : No active profile set, falling back to 1 default profile: "default"
2026-06-19T10:32:17.583+07:00  INFO 7556 --- [API_Server] [restartedMain] .e.DevToolsPropertyDefaultsPostProcessor : Devtools property defaults active! Set 'spring.devtools.add-properties' to 'false' to disable
2026-06-19T10:32:17.583+07:00  INFO 7556 --- [API_Server] [restartedMain] .e.DevToolsPropertyDefaultsPostProcessor : For additional web related logging consider setting the 'logging.level.web' property to 'DEBUG'
2026-06-19T10:32:18.236+07:00  INFO 7556 --- [API_Server] [restartedMain] .s.d.r.c.RepositoryConfigurationDelegate : Bootstrapping Spring Data JPA repositories in DEFAULT mode.
2026-06-19T10:32:18.277+07:00  INFO 7556 --- [API_Server] [restartedMain] .s.d.r.c.RepositoryConfigurationDelegate : Finished Spring Data repository scanning in 34 ms. Found 2 JPA repository interfaces.
2026-06-19T10:32:18.691+07:00  INFO 7556 --- [API_Server] [restartedMain] o.s.b.w.embedded.tomcat.TomcatWebServer  : Tomcat initialized with port 8080 (http)
2026-06-19T10:32:18.700+07:00  INFO 7556 --- [API_Server] [restartedMain] o.apache.catalina.core.StandardService   : Starting service [Tomcat]
2026-06-19T10:32:18.701+07:00  INFO 7556 --- [API_Server] [restartedMain] o.apache.catalina.core.StandardEngine    : Starting Servlet engine: [Apache Tomcat/10.1.48]
2026-06-19T10:32:18.737+07:00  INFO 7556 --- [API_Server] [restartedMain] o.a.c.c.C.[Tomcat].[localhost].[/]       : Initializing Spring embedded WebApplicationContext
2026-06-19T10:32:18.738+07:00  INFO 7556 --- [API_Server] [restartedMain] w.s.c.ServletWebServerApplicationContext : Root WebApplicationContext: initialization completed in 1155 ms
2026-06-19T10:32:18.904+07:00  INFO 7556 --- [API_Server] [restartedMain] o.hibernate.jpa.internal.util.LogHelper  : HHH000204: Processing PersistenceUnitInfo [name: default]
2026-06-19T10:32:18.936+07:00  INFO 7556 --- [API_Server] [restartedMain] org.hibernate.Version                    : HHH000412: Hibernate ORM core version 6.6.33.Final
2026-06-19T10:32:18.960+07:00  INFO 7556 --- [API_Server] [restartedMain] o.h.c.internal.RegionFactoryInitiator    : HHH000026: Second-level cache disabled
2026-06-19T10:32:19.115+07:00  INFO 7556 --- [API_Server] [restartedMain] o.s.o.j.p.SpringPersistenceUnitInfo      : No LoadTimeWeaver setup: ignoring JPA class transformer
2026-06-19T10:32:19.133+07:00  INFO 7556 --- [API_Server] [restartedMain] com.zaxxer.hikari.HikariDataSource       : HikariPool-1 - Starting...
2026-06-19T10:32:19.339+07:00  INFO 7556 --- [API_Server] [restartedMain] com.zaxxer.hikari.pool.HikariPool        : HikariPool-1 - Added connection ConnectionID:1 ClientConnectionId: fb44dad2-e720-485e-9cfb-349c5a68e1d7
2026-06-19T10:32:19.341+07:00  INFO 7556 --- [API_Server] [restartedMain] com.zaxxer.hikari.HikariDataSource       : HikariPool-1 - Start completed.
2026-06-19T10:32:19.364+07:00  WARN 7556 --- [API_Server] [restartedMain] org.hibernate.orm.deprecation            : HHH90000025: SQLServerDialect does not need to be specified explicitly using 'hibernate.dialect' (remove the property setting and it will be selected by default)
2026-06-19T10:32:19.379+07:00  INFO 7556 --- [API_Server] [restartedMain] org.hibernate.orm.connections.pooling    : HHH10001005: Database info:
	Database JDBC URL [Connecting through datasource 'HikariDataSource (HikariPool-1)']
	Database driver: undefined/unknown
	Database version: 16.0
	Autocommit mode: undefined/unknown
	Isolation level: undefined/unknown
	Minimum pool size: undefined/unknown
	Maximum pool size: undefined/unknown
2026-06-19T10:32:19.904+07:00  INFO 7556 --- [API_Server] [restartedMain] o.h.e.t.j.p.i.JtaPlatformInitiator       : HHH000489: No JTA platform available (set 'hibernate.transaction.jta.platform' to enable JTA platform integration)
2026-06-19T10:32:20.090+07:00  INFO 7556 --- [API_Server] [restartedMain] j.LocalContainerEntityManagerFactoryBean : Initialized JPA EntityManagerFactory for persistence unit 'default'
2026-06-19T10:32:20.488+07:00  INFO 7556 --- [API_Server] [restartedMain] o.s.d.j.r.query.QueryEnhancerFactory     : Hibernate is in classpath; If applicable, HQL parser will be used.
2026-06-19T10:32:20.916+07:00  WARN 7556 --- [API_Server] [restartedMain] JpaBaseConfiguration$JpaWebConfiguration : spring.jpa.open-in-view is enabled by default. Therefore, database queries may be performed during view rendering. Explicitly configure spring.jpa.open-in-view to disable this warning
2026-06-19T10:32:20.990+07:00  WARN 7556 --- [API_Server] [restartedMain] .s.s.UserDetailsServiceAutoConfiguration : 

Using generated security password: 040ad35b-2b8f-40c3-9409-d44e1a708aff

This generated password is for development use only. Your security configuration must be updated before running your application in production.

2026-06-19T10:32:20.993+07:00  INFO 7556 --- [API_Server] [restartedMain] r$InitializeUserDetailsManagerConfigurer : Global AuthenticationManager configured with UserDetailsService bean with name inMemoryUserDetailsManager
2026-06-19T10:32:21.191+07:00  INFO 7556 --- [API_Server] [restartedMain] o.s.b.a.e.web.EndpointLinksResolver      : Exposing 4 endpoints beneath base path '/actuator'
2026-06-19T10:32:21.494+07:00  INFO 7556 --- [API_Server] [restartedMain] o.s.b.d.a.OptionalLiveReloadServer       : LiveReload server is running on port 35729
2026-06-19T10:32:21.530+07:00  INFO 7556 --- [API_Server] [restartedMain] o.s.m.s.b.SimpleBrokerMessageHandler     : Starting...
2026-06-19T10:32:21.531+07:00  INFO 7556 --- [API_Server] [restartedMain] o.s.m.s.b.SimpleBrokerMessageHandler     : BrokerAvailabilityEvent[available=true, SimpleBrokerMessageHandler [org.springframework.messaging.simp.broker.DefaultSubscriptionRegistry@17783247]]
2026-06-19T10:32:21.531+07:00  INFO 7556 --- [API_Server] [restartedMain] o.s.m.s.b.SimpleBrokerMessageHandler     : Started.
2026-06-19T10:32:21.539+07:00  INFO 7556 --- [API_Server] [restartedMain] o.s.b.w.embedded.tomcat.TomcatWebServer  : Tomcat started on port 8080 (http) with context path '/'
2026-06-19T10:32:21.547+07:00  INFO 7556 --- [API_Server] [restartedMain] c.e.apiServer.ApiServerApplication       : Started ApiServerApplication in 4.246 seconds (process running for 4.543)
2026-06-19T10:32:22.632+07:00  INFO 7556 --- [API_Server] [http-nio-8080-exec-1] o.a.c.c.C.[Tomcat].[localhost].[/]       : Initializing Spring DispatcherServlet 'dispatcherServlet'
2026-06-19T10:32:22.633+07:00  INFO 7556 --- [API_Server] [http-nio-8080-exec-1] o.s.web.servlet.DispatcherServlet        : Initializing Servlet 'dispatcherServlet'
2026-06-19T10:32:22.634+07:00  INFO 7556 --- [API_Server] [http-nio-8080-exec-1] o.s.web.servlet.DispatcherServlet        : Completed initialization in 1 ms
2026-06-19T10:32:22.676+07:00  WARN 7556 --- [API_Server] [registrationTask1] d.c.b.a.c.r.ApplicationRegistrator       : Failed to register application as Application(name=API_Server, managementUrl=http://DESKTOP-4DLUCN9:8080/actuator, healthUrl=http://DESKTOP-4DLUCN9:8080/actuator/health, serviceUrl=http://DESKTOP-4DLUCN9:8080/) at spring-boot-admin ([http://localhost:8080/instances]): 403 : [no body]. Further attempts are logged on DEBUG level

org.springframework.web.client.HttpClientErrorException$Forbidden: 403 : [no body]
	at org.springframework.web.client.HttpClientErrorException.create(HttpClientErrorException.java:109) ~[spring-web-6.2.12.jar:6.2.12]
	at org.springframework.web.client.StatusHandler.lambda$defaultHandler$3(StatusHandler.java:86) ~[spring-web-6.2.12.jar:6.2.12]
	at org.springframework.web.client.StatusHandler.handle(StatusHandler.java:146) ~[spring-web-6.2.12.jar:6.2.12]
	at org.springframework.web.client.DefaultRestClient$DefaultResponseSpec.applyStatusHandlers(DefaultRestClient.java:838) ~[spring-web-6.2.12.jar:6.2.12]
	at org.springframework.web.client.DefaultRestClient$DefaultResponseSpec.lambda$readBody$4(DefaultRestClient.java:827) ~[spring-web-6.2.12.jar:6.2.12]
	at org.springframework.web.client.DefaultRestClient.readWithMessageConverters(DefaultRestClient.java:216) ~[spring-web-6.2.12.jar:6.2.12]
	at org.springframework.web.client.DefaultRestClient$DefaultResponseSpec.readBody(DefaultRestClient.java:826) ~[spring-web-6.2.12.jar:6.2.12]
	at org.springframework.web.client.DefaultRestClient$DefaultResponseSpec.lambda$body$1(DefaultRestClient.java:765) ~[spring-web-6.2.12.jar:6.2.12]
	at org.springframework.web.client.DefaultRestClient$DefaultRequestBodyUriSpec.exchangeInternal(DefaultRestClient.java:586) ~[spring-web-6.2.12.jar:6.2.12]
	at org.springframework.web.client.DefaultRestClient$DefaultRequestBodyUriSpec.exchange(DefaultRestClient.java:540) ~[spring-web-6.2.12.jar:6.2.12]
	at org.springframework.web.client.RestClient$RequestHeadersSpec.exchange(RestClient.java:680) ~[spring-web-6.2.12.jar:6.2.12]
	at org.springframework.web.client.DefaultRestClient$DefaultResponseSpec.executeAndExtract(DefaultRestClient.java:821) ~[spring-web-6.2.12.jar:6.2.12]
	at org.springframework.web.client.DefaultRestClient$DefaultResponseSpec.body(DefaultRestClient.java:765) ~[spring-web-6.2.12.jar:6.2.12]
	at de.codecentric.boot.admin.client.registration.RestClientRegistrationClient.register(RestClientRegistrationClient.java:45) ~[spring-boot-admin-client-3.4.5.jar:3.4.5]
	at de.codecentric.boot.admin.client.registration.DefaultApplicationRegistrator.register(DefaultApplicationRegistrator.java:80) ~[spring-boot-admin-client-3.4.5.jar:3.4.5]
	at de.codecentric.boot.admin.client.registration.DefaultApplicationRegistrator.register(DefaultApplicationRegistrator.java:61) ~[spring-boot-admin-client-3.4.5.jar:3.4.5]
	at org.springframework.scheduling.support.DelegatingErrorHandlingRunnable.run(DelegatingErrorHandlingRunnable.java:54) ~[spring-context-6.2.12.jar:6.2.12]
	at java.base/java.util.concurrent.Executors$RunnableAdapter.call(Executors.java:572) ~[na:na]
	at java.base/java.util.concurrent.FutureTask.runAndReset(FutureTask.java:358) ~[na:na]
	at java.base/java.util.concurrent.ScheduledThreadPoolExecutor$ScheduledFutureTask.run(ScheduledThreadPoolExecutor.java:305) ~[na:na]
	at java.base/java.util.concurrent.ThreadPoolExecutor.runWorker(ThreadPoolExecutor.java:1144) ~[na:na]
	at java.base/java.util.concurrent.ThreadPoolExecutor$Worker.run(ThreadPoolExecutor.java:642) ~[na:na]
	at java.base/java.lang.Thread.run(Thread.java:1575) ~[na:na]

2026-06-19T10:33:21.522+07:00  INFO 7556 --- [API_Server] [MessageBroker-1] o.s.w.s.c.WebSocketMessageBrokerStats    : WebSocketSession[0 current WS(0)-HttpStream(0)-HttpPoll(0), 0 total, 0 closed abnormally (0 connect failure, 0 send limit, 0 transport error)], stompSubProtocol[processed CONNECT(0)-CONNECTED(0)-DISCONNECT(0)], stompBrokerRelay[null], inboundChannel[pool size = 0, active threads = 0, queued tasks = 0, completed tasks = 0], outboundChannel[pool size = 0, active threads = 0, queued tasks = 0, completed tasks = 0], sockJsScheduler[pool size = 1, active threads = 1, queued tasks = 0, completed tasks = 0]
2026-06-19T10:33:31.587+07:00  INFO 7556 --- [API_Server] [File Watcher] rtingClassPathChangeChangedEventListener : Restarting due to 1 class path change (0 additions, 0 deletions, 1 modification)
2026-06-19T10:33:31.590+07:00  INFO 7556 --- [API_Server] [Thread-5] o.s.b.w.e.tomcat.GracefulShutdown        : Commencing graceful shutdown. Waiting for active requests to complete
2026-06-19T10:33:31.593+07:00  INFO 7556 --- [API_Server] [tomcat-shutdown] o.s.b.w.e.tomcat.GracefulShutdown        : Graceful shutdown complete
2026-06-19T10:33:31.594+07:00  INFO 7556 --- [API_Server] [Thread-5] o.s.m.s.b.SimpleBrokerMessageHandler     : Stopping...
2026-06-19T10:33:31.594+07:00  INFO 7556 --- [API_Server] [Thread-5] o.s.m.s.b.SimpleBrokerMessageHandler     : BrokerAvailabilityEvent[available=false, SimpleBrokerMessageHandler [org.springframework.messaging.simp.broker.DefaultSubscriptionRegistry@17783247]]
2026-06-19T10:33:31.594+07:00  INFO 7556 --- [API_Server] [Thread-5] o.s.m.s.b.SimpleBrokerMessageHandler     : Stopped.
2026-06-19T10:33:31.598+07:00  INFO 7556 --- [API_Server] [Thread-5] j.LocalContainerEntityManagerFactoryBean : Closing JPA EntityManagerFactory for persistence unit 'default'
2026-06-19T10:33:31.599+07:00  INFO 7556 --- [API_Server] [Thread-5] com.zaxxer.hikari.HikariDataSource       : HikariPool-1 - Shutdown initiated...
2026-06-19T10:33:31.601+07:00  INFO 7556 --- [API_Server] [Thread-5] com.zaxxer.hikari.HikariDataSource       : HikariPool-1 - Shutdown completed.
2026-06-19T10:33:31.671+07:00  INFO 7556 --- [API_Server] [restartedMain] c.e.apiServer.ApiServerApplication       : Starting ApiServerApplication using Java 23.0.2 with PID 7556 (C:\project\PhuThanh_SpringBoot\API_Server\target\classes started by HDCP in C:\project\PhuThanh_SpringBoot\API_Server)
2026-06-19T10:33:31.671+07:00  INFO 7556 --- [API_Server] [restartedMain] c.e.apiServer.ApiServerApplication       : No active profile set, falling back to 1 default profile: "default"
2026-06-19T10:33:31.867+07:00  INFO 7556 --- [API_Server] [restartedMain] .s.d.r.c.RepositoryConfigurationDelegate : Bootstrapping Spring Data JPA repositories in DEFAULT mode.
2026-06-19T10:33:31.877+07:00  INFO 7556 --- [API_Server] [restartedMain] .s.d.r.c.RepositoryConfigurationDelegate : Finished Spring Data repository scanning in 9 ms. Found 2 JPA repository interfaces.
2026-06-19T10:33:31.966+07:00  INFO 7556 --- [API_Server] [restartedMain] o.s.b.w.embedded.tomcat.TomcatWebServer  : Tomcat initialized with port 8080 (http)
2026-06-19T10:33:31.967+07:00  INFO 7556 --- [API_Server] [restartedMain] o.apache.catalina.core.StandardService   : Starting service [Tomcat]
2026-06-19T10:33:31.968+07:00  INFO 7556 --- [API_Server] [restartedMain] o.apache.catalina.core.StandardEngine    : Starting Servlet engine: [Apache Tomcat/10.1.48]
2026-06-19T10:33:31.996+07:00  INFO 7556 --- [API_Server] [restartedMain] o.a.c.c.C.[Tomcat].[localhost].[/]       : Initializing Spring embedded WebApplicationContext
2026-06-19T10:33:31.997+07:00  INFO 7556 --- [API_Server] [restartedMain] w.s.c.ServletWebServerApplicationContext : Root WebApplicationContext: initialization completed in 324 ms
2026-06-19T10:33:32.057+07:00  INFO 7556 --- [API_Server] [restartedMain] o.hibernate.jpa.internal.util.LogHelper  : HHH000204: Processing PersistenceUnitInfo [name: default]
2026-06-19T10:33:32.059+07:00  INFO 7556 --- [API_Server] [restartedMain] o.h.c.internal.RegionFactoryInitiator    : HHH000026: Second-level cache disabled
2026-06-19T10:33:32.065+07:00  INFO 7556 --- [API_Server] [restartedMain] o.s.o.j.p.SpringPersistenceUnitInfo      : No LoadTimeWeaver setup: ignoring JPA class transformer
2026-06-19T10:33:32.066+07:00  INFO 7556 --- [API_Server] [restartedMain] com.zaxxer.hikari.HikariDataSource       : HikariPool-2 - Starting...
2026-06-19T10:33:32.081+07:00  INFO 7556 --- [API_Server] [restartedMain] com.zaxxer.hikari.pool.HikariPool        : HikariPool-2 - Added connection ConnectionID:11 ClientConnectionId: d5fdb335-3419-413a-a4c7-83574596f4d9
2026-06-19T10:33:32.081+07:00  INFO 7556 --- [API_Server] [restartedMain] com.zaxxer.hikari.HikariDataSource       : HikariPool-2 - Start completed.
2026-06-19T10:33:32.116+07:00  WARN 7556 --- [API_Server] [restartedMain] org.hibernate.orm.deprecation            : HHH90000025: SQLServerDialect does not need to be specified explicitly using 'hibernate.dialect' (remove the property setting and it will be selected by default)
2026-06-19T10:33:32.117+07:00  INFO 7556 --- [API_Server] [restartedMain] org.hibernate.orm.connections.pooling    : HHH10001005: Database info:
	Database JDBC URL [Connecting through datasource 'HikariDataSource (HikariPool-2)']
	Database driver: undefined/unknown
	Database version: 16.0
	Autocommit mode: undefined/unknown
	Isolation level: undefined/unknown
	Minimum pool size: undefined/unknown
	Maximum pool size: undefined/unknown
2026-06-19T10:33:32.155+07:00  INFO 7556 --- [API_Server] [restartedMain] o.h.e.t.j.p.i.JtaPlatformInitiator       : HHH000489: No JTA platform available (set 'hibernate.transaction.jta.platform' to enable JTA platform integration)
2026-06-19T10:33:32.661+07:00  INFO 7556 --- [API_Server] [restartedMain] j.LocalContainerEntityManagerFactoryBean : Initialized JPA EntityManagerFactory for persistence unit 'default'
2026-06-19T10:33:32.837+07:00  WARN 7556 --- [API_Server] [restartedMain] JpaBaseConfiguration$JpaWebConfiguration : spring.jpa.open-in-view is enabled by default. Therefore, database queries may be performed during view rendering. Explicitly configure spring.jpa.open-in-view to disable this warning
2026-06-19T10:33:32.867+07:00  WARN 7556 --- [API_Server] [restartedMain] .s.s.UserDetailsServiceAutoConfiguration : 

Using generated security password: e93010b3-53d5-4b46-8477-751360929e65

This generated password is for development use only. Your security configuration must be updated before running your application in production.

2026-06-19T10:33:32.868+07:00  INFO 7556 --- [API_Server] [restartedMain] r$InitializeUserDetailsManagerConfigurer : Global AuthenticationManager configured with UserDetailsService bean with name inMemoryUserDetailsManager
2026-06-19T10:33:32.956+07:00  INFO 7556 --- [API_Server] [restartedMain] o.s.b.a.e.web.EndpointLinksResolver      : Exposing 4 endpoints beneath base path '/actuator'
2026-06-19T10:33:33.090+07:00  INFO 7556 --- [API_Server] [restartedMain] o.s.b.d.a.OptionalLiveReloadServer       : LiveReload server is running on port 35729
2026-06-19T10:33:33.098+07:00  INFO 7556 --- [API_Server] [restartedMain] o.s.m.s.b.SimpleBrokerMessageHandler     : Starting...
2026-06-19T10:33:33.098+07:00  INFO 7556 --- [API_Server] [restartedMain] o.s.m.s.b.SimpleBrokerMessageHandler     : BrokerAvailabilityEvent[available=true, SimpleBrokerMessageHandler [org.springframework.messaging.simp.broker.DefaultSubscriptionRegistry@3672f206]]
2026-06-19T10:33:33.098+07:00  INFO 7556 --- [API_Server] [restartedMain] o.s.m.s.b.SimpleBrokerMessageHandler     : Started.
2026-06-19T10:33:33.100+07:00  INFO 7556 --- [API_Server] [restartedMain] o.s.b.w.embedded.tomcat.TomcatWebServer  : Tomcat started on port 8080 (http) with context path '/'
2026-06-19T10:33:33.104+07:00  INFO 7556 --- [API_Server] [restartedMain] c.e.apiServer.ApiServerApplication       : Started ApiServerApplication in 1.449 seconds (process running for 76.099)
2026-06-19T10:33:34.049+07:00  INFO 7556 --- [API_Server] [restartedMain] .ConditionEvaluationDeltaLoggingListener : Condition evaluation unchanged
2026-06-19T10:33:34.054+07:00  INFO 7556 --- [API_Server] [http-nio-8080-exec-1] o.a.c.c.C.[Tomcat].[localhost].[/]       : Initializing Spring DispatcherServlet 'dispatcherServlet'
2026-06-19T10:33:34.054+07:00  INFO 7556 --- [API_Server] [http-nio-8080-exec-1] o.s.web.servlet.DispatcherServlet        : Initializing Servlet 'dispatcherServlet'
2026-06-19T10:33:34.055+07:00  INFO 7556 --- [API_Server] [http-nio-8080-exec-1] o.s.web.servlet.DispatcherServlet        : Completed initialization in 0 ms
2026-06-19T10:33:34.526+07:00  WARN 7556 --- [API_Server] [http-nio-8080-exec-1] .m.m.a.ExceptionHandlerExceptionResolver : Resolved [org.springframework.web.servlet.resource.NoResourceFoundException: No static resource instances.]
2026-06-19T10:33:34.528+07:00  WARN 7556 --- [API_Server] [registrationTask1] d.c.b.a.c.r.ApplicationRegistrator       : Failed to register application as Application(name=API_Server, managementUrl=http://DESKTOP-4DLUCN9:8080/actuator, healthUrl=http://DESKTOP-4DLUCN9:8080/actuator/health, serviceUrl=http://DESKTOP-4DLUCN9:8080/) at spring-boot-admin ([http://localhost:8080/instances]): 500 : "Có lỗi xảy ra: No static resource instances.". Further attempts are logged on DEBUG level

org.springframework.web.client.HttpServerErrorException$InternalServerError: 500 : "Có lỗi xảy ra: No static resource instances."
	at org.springframework.web.client.HttpServerErrorException.create(HttpServerErrorException.java:102) ~[spring-web-6.2.12.jar:6.2.12]
	at org.springframework.web.client.StatusHandler.lambda$defaultHandler$3(StatusHandler.java:89) ~[spring-web-6.2.12.jar:6.2.12]
	at org.springframework.web.client.StatusHandler.handle(StatusHandler.java:146) ~[spring-web-6.2.12.jar:6.2.12]
	at org.springframework.web.client.DefaultRestClient$DefaultResponseSpec.applyStatusHandlers(DefaultRestClient.java:838) ~[spring-web-6.2.12.jar:6.2.12]
	at org.springframework.web.client.DefaultRestClient$DefaultResponseSpec.lambda$readBody$4(DefaultRestClient.java:827) ~[spring-web-6.2.12.jar:6.2.12]
	at org.springframework.web.client.DefaultRestClient.readWithMessageConverters(DefaultRestClient.java:216) ~[spring-web-6.2.12.jar:6.2.12]
	at org.springframework.web.client.DefaultRestClient$DefaultResponseSpec.readBody(DefaultRestClient.java:826) ~[spring-web-6.2.12.jar:6.2.12]
	at org.springframework.web.client.DefaultRestClient$DefaultResponseSpec.lambda$body$1(DefaultRestClient.java:765) ~[spring-web-6.2.12.jar:6.2.12]
	at org.springframework.web.client.DefaultRestClient$DefaultRequestBodyUriSpec.exchangeInternal(DefaultRestClient.java:586) ~[spring-web-6.2.12.jar:6.2.12]
	at org.springframework.web.client.DefaultRestClient$DefaultRequestBodyUriSpec.exchange(DefaultRestClient.java:540) ~[spring-web-6.2.12.jar:6.2.12]
	at org.springframework.web.client.RestClient$RequestHeadersSpec.exchange(RestClient.java:680) ~[spring-web-6.2.12.jar:6.2.12]
	at org.springframework.web.client.DefaultRestClient$DefaultResponseSpec.executeAndExtract(DefaultRestClient.java:821) ~[spring-web-6.2.12.jar:6.2.12]
	at org.springframework.web.client.DefaultRestClient$DefaultResponseSpec.body(DefaultRestClient.java:765) ~[spring-web-6.2.12.jar:6.2.12]
	at de.codecentric.boot.admin.client.registration.RestClientRegistrationClient.register(RestClientRegistrationClient.java:45) ~[spring-boot-admin-client-3.4.5.jar:3.4.5]
	at de.codecentric.boot.admin.client.registration.DefaultApplicationRegistrator.register(DefaultApplicationRegistrator.java:80) ~[spring-boot-admin-client-3.4.5.jar:3.4.5]
	at de.codecentric.boot.admin.client.registration.DefaultApplicationRegistrator.register(DefaultApplicationRegistrator.java:61) ~[spring-boot-admin-client-3.4.5.jar:3.4.5]
	at org.springframework.scheduling.support.DelegatingErrorHandlingRunnable.run(DelegatingErrorHandlingRunnable.java:54) ~[spring-context-6.2.12.jar:6.2.12]
	at java.base/java.util.concurrent.Executors$RunnableAdapter.call(Executors.java:572) ~[na:na]
	at java.base/java.util.concurrent.FutureTask.runAndReset(FutureTask.java:358) ~[na:na]
	at java.base/java.util.concurrent.ScheduledThreadPoolExecutor$ScheduledFutureTask.run(ScheduledThreadPoolExecutor.java:305) ~[na:na]
	at java.base/java.util.concurrent.ThreadPoolExecutor.runWorker(ThreadPoolExecutor.java:1144) ~[na:na]
	at java.base/java.util.concurrent.ThreadPoolExecutor$Worker.run(ThreadPoolExecutor.java:642) ~[na:na]
	at java.base/java.lang.Thread.run(Thread.java:1575) ~[na:na]

2026-06-19T10:33:45.182+07:00  WARN 7556 --- [API_Server] [http-nio-8080-exec-2] .m.m.a.ExceptionHandlerExceptionResolver : Resolved [org.springframework.web.servlet.resource.NoResourceFoundException: No static resource instances.]
2026-06-19T10:33:54.977+07:00  WARN 7556 --- [API_Server] [http-nio-8080-exec-3] .m.m.a.ExceptionHandlerExceptionResolver : Resolved [org.springframework.web.servlet.resource.NoResourceFoundException: No static resource instances.]
2026-06-19T10:34:05.016+07:00  WARN 7556 --- [API_Server] [http-nio-8080-exec-4] .m.m.a.ExceptionHandlerExceptionResolver : Resolved [org.springframework.web.servlet.resource.NoResourceFoundException: No static resource instances.]
2026-06-19T10:34:14.958+07:00  WARN 7556 --- [API_Server] [http-nio-8080-exec-5] .m.m.a.ExceptionHandlerExceptionResolver : Resolved [org.springframework.web.servlet.resource.NoResourceFoundException: No static resource instances.]
2026-06-19T10:34:24.979+07:00  WARN 7556 --- [API_Server] [http-nio-8080-exec-6] .m.m.a.ExceptionHandlerExceptionResolver : Resolved [org.springframework.web.servlet.resource.NoResourceFoundException: No static resource instances.]
2026-06-19T10:34:33.109+07:00  INFO 7556 --- [API_Server] [MessageBroker-1] o.s.w.s.c.WebSocketMessageBrokerStats    : WebSocketSession[0 current WS(0)-HttpStream(0)-HttpPoll(0), 0 total, 0 closed abnormally (0 connect failure, 0 send limit, 0 transport error)], stompSubProtocol[processed CONNECT(0)-CONNECTED(0)-DISCONNECT(0)], stompBrokerRelay[null], inboundChannel[pool size = 0, active threads = 0, queued tasks = 0, completed tasks = 0], outboundChannel[pool size = 0, active threads = 0, queued tasks = 0, completed tasks = 0], sockJsScheduler[pool size = 1, active threads = 1, queued tasks = 0, completed tasks = 0]
2026-06-19T10:34:34.972+07:00  WARN 7556 --- [API_Server] [http-nio-8080-exec-7] .m.m.a.ExceptionHandlerExceptionResolver : Resolved [org.springframework.web.servlet.resource.NoResourceFoundException: No static resource instances.]
2026-06-19T10:34:35.960+07:00  INFO 7556 --- [API_Server] [File Watcher] rtingClassPathChangeChangedEventListener : Restarting due to 1 class path change (0 additions, 0 deletions, 1 modification)
2026-06-19T10:34:35.961+07:00  INFO 7556 --- [API_Server] [Thread-7] o.s.b.w.e.tomcat.GracefulShutdown        : Commencing graceful shutdown. Waiting for active requests to complete
2026-06-19T10:34:35.963+07:00  INFO 7556 --- [API_Server] [tomcat-shutdown] o.s.b.w.e.tomcat.GracefulShutdown        : Graceful shutdown complete
2026-06-19T10:34:35.963+07:00  INFO 7556 --- [API_Server] [Thread-7] o.s.m.s.b.SimpleBrokerMessageHandler     : Stopping...
2026-06-19T10:34:35.963+07:00  INFO 7556 --- [API_Server] [Thread-7] o.s.m.s.b.SimpleBrokerMessageHandler     : BrokerAvailabilityEvent[available=false, SimpleBrokerMessageHandler [org.springframework.messaging.simp.broker.DefaultSubscriptionRegistry@3672f206]]
2026-06-19T10:34:35.963+07:00  INFO 7556 --- [API_Server] [Thread-7] o.s.m.s.b.SimpleBrokerMessageHandler     : Stopped.
2026-06-19T10:34:35.965+07:00  INFO 7556 --- [API_Server] [Thread-7] j.LocalContainerEntityManagerFactoryBean : Closing JPA EntityManagerFactory for persistence unit 'default'
2026-06-19T10:34:35.965+07:00  INFO 7556 --- [API_Server] [Thread-7] com.zaxxer.hikari.HikariDataSource       : HikariPool-2 - Shutdown initiated...
2026-06-19T10:34:35.966+07:00  INFO 7556 --- [API_Server] [Thread-7] com.zaxxer.hikari.HikariDataSource       : HikariPool-2 - Shutdown completed.
2026-06-19T10:34:36.033+07:00  INFO 7556 --- [API_Server] [restartedMain] c.e.apiServer.ApiServerApplication       : Starting ApiServerApplication using Java 23.0.2 with PID 7556 (C:\project\PhuThanh_SpringBoot\API_Server\target\classes started by HDCP in C:\project\PhuThanh_SpringBoot\API_Server)
2026-06-19T10:34:36.034+07:00  INFO 7556 --- [API_Server] [restartedMain] c.e.apiServer.ApiServerApplication       : No active profile set, falling back to 1 default profile: "default"
2026-06-19T10:34:36.220+07:00  INFO 7556 --- [API_Server] [restartedMain] .s.d.r.c.RepositoryConfigurationDelegate : Bootstrapping Spring Data JPA repositories in DEFAULT mode.
2026-06-19T10:34:36.230+07:00  INFO 7556 --- [API_Server] [restartedMain] .s.d.r.c.RepositoryConfigurationDelegate : Finished Spring Data repository scanning in 9 ms. Found 2 JPA repository interfaces.
2026-06-19T10:34:36.315+07:00  INFO 7556 --- [API_Server] [restartedMain] o.s.b.w.embedded.tomcat.TomcatWebServer  : Tomcat initialized with port 8080 (http)
2026-06-19T10:34:36.316+07:00  INFO 7556 --- [API_Server] [restartedMain] o.apache.catalina.core.StandardService   : Starting service [Tomcat]
2026-06-19T10:34:36.317+07:00  INFO 7556 --- [API_Server] [restartedMain] o.apache.catalina.core.StandardEngine    : Starting Servlet engine: [Apache Tomcat/10.1.48]
2026-06-19T10:34:36.340+07:00  INFO 7556 --- [API_Server] [restartedMain] o.a.c.c.C.[Tomcat].[localhost].[/]       : Initializing Spring embedded WebApplicationContext
2026-06-19T10:34:36.341+07:00  INFO 7556 --- [API_Server] [restartedMain] w.s.c.ServletWebServerApplicationContext : Root WebApplicationContext: initialization completed in 306 ms
2026-06-19T10:34:36.396+07:00  INFO 7556 --- [API_Server] [restartedMain] o.hibernate.jpa.internal.util.LogHelper  : HHH000204: Processing PersistenceUnitInfo [name: default]
2026-06-19T10:34:36.398+07:00  INFO 7556 --- [API_Server] [restartedMain] o.h.c.internal.RegionFactoryInitiator    : HHH000026: Second-level cache disabled
2026-06-19T10:34:36.403+07:00  INFO 7556 --- [API_Server] [restartedMain] o.s.o.j.p.SpringPersistenceUnitInfo      : No LoadTimeWeaver setup: ignoring JPA class transformer
2026-06-19T10:34:36.404+07:00  INFO 7556 --- [API_Server] [restartedMain] com.zaxxer.hikari.HikariDataSource       : HikariPool-3 - Starting...
2026-06-19T10:34:36.418+07:00  INFO 7556 --- [API_Server] [restartedMain] com.zaxxer.hikari.pool.HikariPool        : HikariPool-3 - Added connection ConnectionID:21 ClientConnectionId: 23174e8d-6e4a-4fc0-b944-bd16367e3fe5
2026-06-19T10:34:36.418+07:00  INFO 7556 --- [API_Server] [restartedMain] com.zaxxer.hikari.HikariDataSource       : HikariPool-3 - Start completed.
2026-06-19T10:34:36.437+07:00  WARN 7556 --- [API_Server] [restartedMain] org.hibernate.orm.deprecation            : HHH90000025: SQLServerDialect does not need to be specified explicitly using 'hibernate.dialect' (remove the property setting and it will be selected by default)
2026-06-19T10:34:36.438+07:00  INFO 7556 --- [API_Server] [restartedMain] org.hibernate.orm.connections.pooling    : HHH10001005: Database info:
	Database JDBC URL [Connecting through datasource 'HikariDataSource (HikariPool-3)']
	Database driver: undefined/unknown
	Database version: 16.0
	Autocommit mode: undefined/unknown
	Isolation level: undefined/unknown
	Minimum pool size: undefined/unknown
	Maximum pool size: undefined/unknown
2026-06-19T10:34:36.471+07:00  INFO 7556 --- [API_Server] [restartedMain] o.h.e.t.j.p.i.JtaPlatformInitiator       : HHH000489: No JTA platform available (set 'hibernate.transaction.jta.platform' to enable JTA platform integration)
2026-06-19T10:34:37.060+07:00  INFO 7556 --- [API_Server] [restartedMain] j.LocalContainerEntityManagerFactoryBean : Initialized JPA EntityManagerFactory for persistence unit 'default'
2026-06-19T10:34:37.244+07:00  WARN 7556 --- [API_Server] [restartedMain] JpaBaseConfiguration$JpaWebConfiguration : spring.jpa.open-in-view is enabled by default. Therefore, database queries may be performed during view rendering. Explicitly configure spring.jpa.open-in-view to disable this warning
2026-06-19T10:34:37.282+07:00  WARN 7556 --- [API_Server] [restartedMain] .s.s.UserDetailsServiceAutoConfiguration : 

Using generated security password: c18d1b5e-e323-415d-a9e1-4093c1709120

This generated password is for development use only. Your security configuration must be updated before running your application in production.

2026-06-19T10:34:37.283+07:00  INFO 7556 --- [API_Server] [restartedMain] r$InitializeUserDetailsManagerConfigurer : Global AuthenticationManager configured with UserDetailsService bean with name inMemoryUserDetailsManager
2026-06-19T10:34:37.377+07:00  INFO 7556 --- [API_Server] [restartedMain] o.s.b.a.e.web.EndpointLinksResolver      : Exposing 4 endpoints beneath base path '/actuator'
2026-06-19T10:34:37.528+07:00  INFO 7556 --- [API_Server] [restartedMain] o.s.b.d.a.OptionalLiveReloadServer       : LiveReload server is running on port 35729
2026-06-19T10:34:37.536+07:00  INFO 7556 --- [API_Server] [restartedMain] o.s.m.s.b.SimpleBrokerMessageHandler     : Starting...
2026-06-19T10:34:37.537+07:00  INFO 7556 --- [API_Server] [restartedMain] o.s.m.s.b.SimpleBrokerMessageHandler     : BrokerAvailabilityEvent[available=true, SimpleBrokerMessageHandler [org.springframework.messaging.simp.broker.DefaultSubscriptionRegistry@1c119b6e]]
2026-06-19T10:34:37.538+07:00  INFO 7556 --- [API_Server] [restartedMain] o.s.m.s.b.SimpleBrokerMessageHandler     : Started.
2026-06-19T10:34:37.542+07:00  INFO 7556 --- [API_Server] [restartedMain] o.s.b.w.embedded.tomcat.TomcatWebServer  : Tomcat started on port 8080 (http) with context path '/'
2026-06-19T10:34:37.549+07:00  INFO 7556 --- [API_Server] [restartedMain] c.e.apiServer.ApiServerApplication       : Started ApiServerApplication in 1.532 seconds (process running for 140.544)
2026-06-19T10:34:37.981+07:00  INFO 7556 --- [API_Server] [restartedMain] .ConditionEvaluationDeltaLoggingListener : Condition evaluation unchanged
2026-06-19T10:34:37.986+07:00  INFO 7556 --- [API_Server] [http-nio-8080-exec-1] o.a.c.c.C.[Tomcat].[localhost].[/]       : Initializing Spring DispatcherServlet 'dispatcherServlet'
2026-06-19T10:34:37.987+07:00  INFO 7556 --- [API_Server] [http-nio-8080-exec-1] o.s.web.servlet.DispatcherServlet        : Initializing Servlet 'dispatcherServlet'
2026-06-19T10:34:37.988+07:00  INFO 7556 --- [API_Server] [http-nio-8080-exec-1] o.s.web.servlet.DispatcherServlet        : Completed initialization in 1 ms
2026-06-19T10:34:37.994+07:00  WARN 7556 --- [API_Server] [registrationTask1] d.c.b.a.c.r.ApplicationRegistrator       : Failed to register application as Application(name=API_Server, managementUrl=http://DESKTOP-4DLUCN9:8080/actuator, healthUrl=http://DESKTOP-4DLUCN9:8080/actuator/health, serviceUrl=http://DESKTOP-4DLUCN9:8080/) at spring-boot-admin ([http://localhost:8080/admin/instances]): 403 : [no body]. Further attempts are logged on DEBUG level

org.springframework.web.client.HttpClientErrorException$Forbidden: 403 : [no body]
	at org.springframework.web.client.HttpClientErrorException.create(HttpClientErrorException.java:109) ~[spring-web-6.2.12.jar:6.2.12]
	at org.springframework.web.client.StatusHandler.lambda$defaultHandler$3(StatusHandler.java:86) ~[spring-web-6.2.12.jar:6.2.12]
	at org.springframework.web.client.StatusHandler.handle(StatusHandler.java:146) ~[spring-web-6.2.12.jar:6.2.12]
	at org.springframework.web.client.DefaultRestClient$DefaultResponseSpec.applyStatusHandlers(DefaultRestClient.java:838) ~[spring-web-6.2.12.jar:6.2.12]
	at org.springframework.web.client.DefaultRestClient$DefaultResponseSpec.lambda$readBody$4(DefaultRestClient.java:827) ~[spring-web-6.2.12.jar:6.2.12]
	at org.springframework.web.client.DefaultRestClient.readWithMessageConverters(DefaultRestClient.java:216) ~[spring-web-6.2.12.jar:6.2.12]
	at org.springframework.web.client.DefaultRestClient$DefaultResponseSpec.readBody(DefaultRestClient.java:826) ~[spring-web-6.2.12.jar:6.2.12]
	at org.springframework.web.client.DefaultRestClient$DefaultResponseSpec.lambda$body$1(DefaultRestClient.java:765) ~[spring-web-6.2.12.jar:6.2.12]
	at org.springframework.web.client.DefaultRestClient$DefaultRequestBodyUriSpec.exchangeInternal(DefaultRestClient.java:586) ~[spring-web-6.2.12.jar:6.2.12]
	at org.springframework.web.client.DefaultRestClient$DefaultRequestBodyUriSpec.exchange(DefaultRestClient.java:540) ~[spring-web-6.2.12.jar:6.2.12]
	at org.springframework.web.client.RestClient$RequestHeadersSpec.exchange(RestClient.java:680) ~[spring-web-6.2.12.jar:6.2.12]
	at org.springframework.web.client.DefaultRestClient$DefaultResponseSpec.executeAndExtract(DefaultRestClient.java:821) ~[spring-web-6.2.12.jar:6.2.12]
	at org.springframework.web.client.DefaultRestClient$DefaultResponseSpec.body(DefaultRestClient.java:765) ~[spring-web-6.2.12.jar:6.2.12]
	at de.codecentric.boot.admin.client.registration.RestClientRegistrationClient.register(RestClientRegistrationClient.java:45) ~[spring-boot-admin-client-3.4.5.jar:3.4.5]
	at de.codecentric.boot.admin.client.registration.DefaultApplicationRegistrator.register(DefaultApplicationRegistrator.java:80) ~[spring-boot-admin-client-3.4.5.jar:3.4.5]
	at de.codecentric.boot.admin.client.registration.DefaultApplicationRegistrator.register(DefaultApplicationRegistrator.java:61) ~[spring-boot-admin-client-3.4.5.jar:3.4.5]
	at org.springframework.scheduling.support.DelegatingErrorHandlingRunnable.run(DelegatingErrorHandlingRunnable.java:54) ~[spring-context-6.2.12.jar:6.2.12]
	at java.base/java.util.concurrent.Executors$RunnableAdapter.call(Executors.java:572) ~[na:na]
	at java.base/java.util.concurrent.FutureTask.runAndReset(FutureTask.java:358) ~[na:na]
	at java.base/java.util.concurrent.ScheduledThreadPoolExecutor$ScheduledFutureTask.run(ScheduledThreadPoolExecutor.java:305) ~[na:na]
	at java.base/java.util.concurrent.ThreadPoolExecutor.runWorker(ThreadPoolExecutor.java:1144) ~[na:na]
	at java.base/java.util.concurrent.ThreadPoolExecutor$Worker.run(ThreadPoolExecutor.java:642) ~[na:na]
	at java.base/java.lang.Thread.run(Thread.java:1575) ~[na:na]

2026-06-19T10:35:37.541+07:00  INFO 7556 --- [API_Server] [MessageBroker-1] o.s.w.s.c.WebSocketMessageBrokerStats    : WebSocketSession[0 current WS(0)-HttpStream(0)-HttpPoll(0), 0 total, 0 closed abnormally (0 connect failure, 0 send limit, 0 transport error)], stompSubProtocol[processed CONNECT(0)-CONNECTED(0)-DISCONNECT(0)], stompBrokerRelay[null], inboundChannel[pool size = 0, active threads = 0, queued tasks = 0, completed tasks = 0], outboundChannel[pool size = 0, active threads = 0, queued tasks = 0, completed tasks = 0], sockJsScheduler[pool size = 1, active threads = 1, queued tasks = 0, completed tasks = 0]
2026-06-19T10:35:43.574+07:00  INFO 7556 --- [API_Server] [File Watcher] rtingClassPathChangeChangedEventListener : Restarting due to 1 class path change (0 additions, 0 deletions, 1 modification)
2026-06-19T10:35:43.576+07:00  INFO 7556 --- [API_Server] [Thread-11] o.s.b.w.e.tomcat.GracefulShutdown        : Commencing graceful shutdown. Waiting for active requests to complete
2026-06-19T10:35:43.578+07:00  INFO 7556 --- [API_Server] [tomcat-shutdown] o.s.b.w.e.tomcat.GracefulShutdown        : Graceful shutdown complete
2026-06-19T10:35:43.579+07:00  INFO 7556 --- [API_Server] [Thread-11] o.s.m.s.b.SimpleBrokerMessageHandler     : Stopping...
2026-06-19T10:35:43.579+07:00  INFO 7556 --- [API_Server] [Thread-11] o.s.m.s.b.SimpleBrokerMessageHandler     : BrokerAvailabilityEvent[available=false, SimpleBrokerMessageHandler [org.springframework.messaging.simp.broker.DefaultSubscriptionRegistry@1c119b6e]]
2026-06-19T10:35:43.580+07:00  INFO 7556 --- [API_Server] [Thread-11] o.s.m.s.b.SimpleBrokerMessageHandler     : Stopped.
2026-06-19T10:35:43.582+07:00  INFO 7556 --- [API_Server] [Thread-11] j.LocalContainerEntityManagerFactoryBean : Closing JPA EntityManagerFactory for persistence unit 'default'
2026-06-19T10:35:43.583+07:00  INFO 7556 --- [API_Server] [Thread-11] com.zaxxer.hikari.HikariDataSource       : HikariPool-3 - Shutdown initiated...
2026-06-19T10:35:43.586+07:00  INFO 7556 --- [API_Server] [Thread-11] com.zaxxer.hikari.HikariDataSource       : HikariPool-3 - Shutdown completed.
2026-06-19T10:35:43.641+07:00  INFO 7556 --- [API_Server] [restartedMain] c.e.apiServer.ApiServerApplication       : Starting ApiServerApplication using Java 23.0.2 with PID 7556 (C:\project\PhuThanh_SpringBoot\API_Server\target\classes started by HDCP in C:\project\PhuThanh_SpringBoot\API_Server)
2026-06-19T10:35:43.642+07:00  INFO 7556 --- [API_Server] [restartedMain] c.e.apiServer.ApiServerApplication       : No active profile set, falling back to 1 default profile: "default"
2026-06-19T10:35:43.822+07:00  INFO 7556 --- [API_Server] [restartedMain] .s.d.r.c.RepositoryConfigurationDelegate : Bootstrapping Spring Data JPA repositories in DEFAULT mode.
2026-06-19T10:35:43.831+07:00  INFO 7556 --- [API_Server] [restartedMain] .s.d.r.c.RepositoryConfigurationDelegate : Finished Spring Data repository scanning in 8 ms. Found 2 JPA repository interfaces.
2026-06-19T10:35:43.914+07:00  INFO 7556 --- [API_Server] [restartedMain] o.s.b.w.embedded.tomcat.TomcatWebServer  : Tomcat initialized with port 8080 (http)
2026-06-19T10:35:43.915+07:00  INFO 7556 --- [API_Server] [restartedMain] o.apache.catalina.core.StandardService   : Starting service [Tomcat]
2026-06-19T10:35:43.915+07:00  INFO 7556 --- [API_Server] [restartedMain] o.apache.catalina.core.StandardEngine    : Starting Servlet engine: [Apache Tomcat/10.1.48]
2026-06-19T10:35:43.942+07:00  INFO 7556 --- [API_Server] [restartedMain] o.a.c.c.C.[Tomcat].[localhost].[/]       : Initializing Spring embedded WebApplicationContext
2026-06-19T10:35:43.943+07:00  INFO 7556 --- [API_Server] [restartedMain] w.s.c.ServletWebServerApplicationContext : Root WebApplicationContext: initialization completed in 300 ms
2026-06-19T10:35:43.989+07:00  INFO 7556 --- [API_Server] [restartedMain] o.hibernate.jpa.internal.util.LogHelper  : HHH000204: Processing PersistenceUnitInfo [name: default]
2026-06-19T10:35:43.991+07:00  INFO 7556 --- [API_Server] [restartedMain] o.h.c.internal.RegionFactoryInitiator    : HHH000026: Second-level cache disabled
2026-06-19T10:35:43.995+07:00  INFO 7556 --- [API_Server] [restartedMain] o.s.o.j.p.SpringPersistenceUnitInfo      : No LoadTimeWeaver setup: ignoring JPA class transformer
2026-06-19T10:35:43.995+07:00  INFO 7556 --- [API_Server] [restartedMain] com.zaxxer.hikari.HikariDataSource       : HikariPool-4 - Starting...
2026-06-19T10:35:44.009+07:00  INFO 7556 --- [API_Server] [restartedMain] com.zaxxer.hikari.pool.HikariPool        : HikariPool-4 - Added connection ConnectionID:31 ClientConnectionId: 39a973e6-25e0-4c70-b1f6-4bba33a6773b
2026-06-19T10:35:44.009+07:00  INFO 7556 --- [API_Server] [restartedMain] com.zaxxer.hikari.HikariDataSource       : HikariPool-4 - Start completed.
2026-06-19T10:35:44.025+07:00  WARN 7556 --- [API_Server] [restartedMain] org.hibernate.orm.deprecation            : HHH90000025: SQLServerDialect does not need to be specified explicitly using 'hibernate.dialect' (remove the property setting and it will be selected by default)
2026-06-19T10:35:44.026+07:00  INFO 7556 --- [API_Server] [restartedMain] org.hibernate.orm.connections.pooling    : HHH10001005: Database info:
	Database JDBC URL [Connecting through datasource 'HikariDataSource (HikariPool-4)']
	Database driver: undefined/unknown
	Database version: 16.0
	Autocommit mode: undefined/unknown
	Isolation level: undefined/unknown
	Minimum pool size: undefined/unknown
	Maximum pool size: undefined/unknown
2026-06-19T10:35:44.055+07:00  INFO 7556 --- [API_Server] [restartedMain] o.h.e.t.j.p.i.JtaPlatformInitiator       : HHH000489: No JTA platform available (set 'hibernate.transaction.jta.platform' to enable JTA platform integration)
2026-06-19T10:35:44.521+07:00  INFO 7556 --- [API_Server] [restartedMain] j.LocalContainerEntityManagerFactoryBean : Initialized JPA EntityManagerFactory for persistence unit 'default'
2026-06-19T10:35:44.694+07:00  WARN 7556 --- [API_Server] [restartedMain] JpaBaseConfiguration$JpaWebConfiguration : spring.jpa.open-in-view is enabled by default. Therefore, database queries may be performed during view rendering. Explicitly configure spring.jpa.open-in-view to disable this warning
2026-06-19T10:35:44.725+07:00  WARN 7556 --- [API_Server] [restartedMain] .s.s.UserDetailsServiceAutoConfiguration : 

Using generated security password: eb76db92-65a4-47ce-a39d-9c0efe450a35

This generated password is for development use only. Your security configuration must be updated before running your application in production.

2026-06-19T10:35:44.725+07:00  INFO 7556 --- [API_Server] [restartedMain] r$InitializeUserDetailsManagerConfigurer : Global AuthenticationManager configured with UserDetailsService bean with name inMemoryUserDetailsManager
2026-06-19T10:35:44.808+07:00  INFO 7556 --- [API_Server] [restartedMain] o.s.b.a.e.web.EndpointLinksResolver      : Exposing 4 endpoints beneath base path '/actuator'
2026-06-19T10:35:44.967+07:00  INFO 7556 --- [API_Server] [restartedMain] o.s.b.d.a.OptionalLiveReloadServer       : LiveReload server is running on port 35729
2026-06-19T10:35:44.976+07:00  INFO 7556 --- [API_Server] [restartedMain] o.s.m.s.b.SimpleBrokerMessageHandler     : Starting...
2026-06-19T10:35:44.977+07:00  INFO 7556 --- [API_Server] [restartedMain] o.s.m.s.b.SimpleBrokerMessageHandler     : BrokerAvailabilityEvent[available=true, SimpleBrokerMessageHandler [org.springframework.messaging.simp.broker.DefaultSubscriptionRegistry@8a6c7a2]]
2026-06-19T10:35:44.977+07:00  INFO 7556 --- [API_Server] [restartedMain] o.s.m.s.b.SimpleBrokerMessageHandler     : Started.
2026-06-19T10:35:44.979+07:00  INFO 7556 --- [API_Server] [restartedMain] o.s.b.w.embedded.tomcat.TomcatWebServer  : Tomcat started on port 8080 (http) with context path '/'
2026-06-19T10:35:44.983+07:00  INFO 7556 --- [API_Server] [restartedMain] c.e.apiServer.ApiServerApplication       : Started ApiServerApplication in 1.357 seconds (process running for 207.979)
2026-06-19T10:35:45.977+07:00  INFO 7556 --- [API_Server] [restartedMain] .ConditionEvaluationDeltaLoggingListener : Condition evaluation unchanged
2026-06-19T10:35:45.980+07:00  INFO 7556 --- [API_Server] [http-nio-8080-exec-1] o.a.c.c.C.[Tomcat].[localhost].[/]       : Initializing Spring DispatcherServlet 'dispatcherServlet'
2026-06-19T10:35:45.980+07:00  INFO 7556 --- [API_Server] [http-nio-8080-exec-1] o.s.web.servlet.DispatcherServlet        : Initializing Servlet 'dispatcherServlet'
2026-06-19T10:35:45.981+07:00  INFO 7556 --- [API_Server] [http-nio-8080-exec-1] o.s.web.servlet.DispatcherServlet        : Completed initialization in 0 ms
2026-06-19T10:35:46.438+07:00  WARN 7556 --- [API_Server] [http-nio-8080-exec-1] .m.m.a.ExceptionHandlerExceptionResolver : Resolved [org.springframework.web.servlet.resource.NoResourceFoundException: No static resource admin/instances.]
2026-06-19T10:35:46.439+07:00  WARN 7556 --- [API_Server] [registrationTask1] d.c.b.a.c.r.ApplicationRegistrator       : Failed to register application as Application(name=API_Server, managementUrl=http://DESKTOP-4DLUCN9:8080/actuator, healthUrl=http://DESKTOP-4DLUCN9:8080/actuator/health, serviceUrl=http://DESKTOP-4DLUCN9:8080/) at spring-boot-admin ([http://localhost:8080/admin/instances]): 500 : "Có lỗi xảy ra: No static resource admin/instances.". Further attempts are logged on DEBUG level

org.springframework.web.client.HttpServerErrorException$InternalServerError: 500 : "Có lỗi xảy ra: No static resource admin/instances."
	at org.springframework.web.client.HttpServerErrorException.create(HttpServerErrorException.java:102) ~[spring-web-6.2.12.jar:6.2.12]
	at org.springframework.web.client.StatusHandler.lambda$defaultHandler$3(StatusHandler.java:89) ~[spring-web-6.2.12.jar:6.2.12]
	at org.springframework.web.client.StatusHandler.handle(StatusHandler.java:146) ~[spring-web-6.2.12.jar:6.2.12]
	at org.springframework.web.client.DefaultRestClient$DefaultResponseSpec.applyStatusHandlers(DefaultRestClient.java:838) ~[spring-web-6.2.12.jar:6.2.12]
	at org.springframework.web.client.DefaultRestClient$DefaultResponseSpec.lambda$readBody$4(DefaultRestClient.java:827) ~[spring-web-6.2.12.jar:6.2.12]
	at org.springframework.web.client.DefaultRestClient.readWithMessageConverters(DefaultRestClient.java:216) ~[spring-web-6.2.12.jar:6.2.12]
	at org.springframework.web.client.DefaultRestClient$DefaultResponseSpec.readBody(DefaultRestClient.java:826) ~[spring-web-6.2.12.jar:6.2.12]
	at org.springframework.web.client.DefaultRestClient$DefaultResponseSpec.lambda$body$1(DefaultRestClient.java:765) ~[spring-web-6.2.12.jar:6.2.12]
	at org.springframework.web.client.DefaultRestClient$DefaultRequestBodyUriSpec.exchangeInternal(DefaultRestClient.java:586) ~[spring-web-6.2.12.jar:6.2.12]
	at org.springframework.web.client.DefaultRestClient$DefaultRequestBodyUriSpec.exchange(DefaultRestClient.java:540) ~[spring-web-6.2.12.jar:6.2.12]
	at org.springframework.web.client.RestClient$RequestHeadersSpec.exchange(RestClient.java:680) ~[spring-web-6.2.12.jar:6.2.12]
	at org.springframework.web.client.DefaultRestClient$DefaultResponseSpec.executeAndExtract(DefaultRestClient.java:821) ~[spring-web-6.2.12.jar:6.2.12]
	at org.springframework.web.client.DefaultRestClient$DefaultResponseSpec.body(DefaultRestClient.java:765) ~[spring-web-6.2.12.jar:6.2.12]
	at de.codecentric.boot.admin.client.registration.RestClientRegistrationClient.register(RestClientRegistrationClient.java:45) ~[spring-boot-admin-client-3.4.5.jar:3.4.5]
	at de.codecentric.boot.admin.client.registration.DefaultApplicationRegistrator.register(DefaultApplicationRegistrator.java:80) ~[spring-boot-admin-client-3.4.5.jar:3.4.5]
	at de.codecentric.boot.admin.client.registration.DefaultApplicationRegistrator.register(DefaultApplicationRegistrator.java:61) ~[spring-boot-admin-client-3.4.5.jar:3.4.5]
	at org.springframework.scheduling.support.DelegatingErrorHandlingRunnable.run(DelegatingErrorHandlingRunnable.java:54) ~[spring-context-6.2.12.jar:6.2.12]
	at java.base/java.util.concurrent.Executors$RunnableAdapter.call(Executors.java:572) ~[na:na]
	at java.base/java.util.concurrent.FutureTask.runAndReset(FutureTask.java:358) ~[na:na]
	at java.base/java.util.concurrent.ScheduledThreadPoolExecutor$ScheduledFutureTask.run(ScheduledThreadPoolExecutor.java:305) ~[na:na]
	at java.base/java.util.concurrent.ThreadPoolExecutor.runWorker(ThreadPoolExecutor.java:1144) ~[na:na]
	at java.base/java.util.concurrent.ThreadPoolExecutor$Worker.run(ThreadPoolExecutor.java:642) ~[na:na]
	at java.base/java.lang.Thread.run(Thread.java:1575) ~[na:na]

2026-06-19T10:35:56.940+07:00  WARN 7556 --- [API_Server] [http-nio-8080-exec-2] .m.m.a.ExceptionHandlerExceptionResolver : Resolved [org.springframework.web.servlet.resource.NoResourceFoundException: No static resource admin/instances.]
2026-06-19T10:36:06.926+07:00  WARN 7556 --- [API_Server] [http-nio-8080-exec-3] .m.m.a.ExceptionHandlerExceptionResolver : Resolved [org.springframework.web.servlet.resource.NoResourceFoundException: No static resource admin/instances.]
2026-06-19T10:36:16.987+07:00  WARN 7556 --- [API_Server] [http-nio-8080-exec-4] .m.m.a.ExceptionHandlerExceptionResolver : Resolved [org.springframework.web.servlet.resource.NoResourceFoundException: No static resource admin/instances.]
2026-06-19T10:36:26.925+07:00  WARN 7556 --- [API_Server] [http-nio-8080-exec-5] .m.m.a.ExceptionHandlerExceptionResolver : Resolved [org.springframework.web.servlet.resource.NoResourceFoundException: No static resource admin/instances.]
2026-06-19T10:36:36.910+07:00  WARN 7556 --- [API_Server] [http-nio-8080-exec-6] .m.m.a.ExceptionHandlerExceptionResolver : Resolved [org.springframework.web.servlet.resource.NoResourceFoundException: No static resource admin/instances.]
2026-06-19T10:36:44.979+07:00  INFO 7556 --- [API_Server] [MessageBroker-1] o.s.w.s.c.WebSocketMessageBrokerStats    : WebSocketSession[0 current WS(0)-HttpStream(0)-HttpPoll(0), 0 total, 0 closed abnormally (0 connect failure, 0 send limit, 0 transport error)], stompSubProtocol[processed CONNECT(0)-CONNECTED(0)-DISCONNECT(0)], stompBrokerRelay[null], inboundChannel[pool size = 0, active threads = 0, queued tasks = 0, completed tasks = 0], outboundChannel[pool size = 0, active threads = 0, queued tasks = 0, completed tasks = 0], sockJsScheduler[pool size = 1, active threads = 1, queued tasks = 0, completed tasks = 0]
2026-06-19T10:36:46.939+07:00  WARN 7556 --- [API_Server] [http-nio-8080-exec-7] .m.m.a.ExceptionHandlerExceptionResolver : Resolved [org.springframework.web.servlet.resource.NoResourceFoundException: No static resource admin/instances.]
2026-06-19T10:36:56.955+07:00  WARN 7556 --- [API_Server] [http-nio-8080-exec-8] .m.m.a.ExceptionHandlerExceptionResolver : Resolved [org.springframework.web.servlet.resource.NoResourceFoundException: No static resource admin/instances.]
2026-06-19T10:37:06.879+07:00  WARN 7556 --- [API_Server] [http-nio-8080-exec-10] .m.m.a.ExceptionHandlerExceptionResolver : Resolved [org.springframework.web.servlet.resource.NoResourceFoundException: No static resource admin/instances.]
2026-06-19T10:37:16.889+07:00  WARN 7556 --- [API_Server] [http-nio-8080-exec-9] .m.m.a.ExceptionHandlerExceptionResolver : Resolved [org.springframework.web.servlet.resource.NoResourceFoundException: No static resource admin/instances.]
2026-06-19T10:37:26.923+07:00  WARN 7556 --- [API_Server] [http-nio-8080-exec-1] .m.m.a.ExceptionHandlerExceptionResolver : Resolved [org.springframework.web.servlet.resource.NoResourceFoundException: No static resource admin/instances.]
2026-06-19T10:37:31.060+07:00  INFO 7556 --- [API_Server] [File Watcher] rtingClassPathChangeChangedEventListener : Restarting due to 1 class path change (0 additions, 0 deletions, 1 modification)
2026-06-19T10:37:31.061+07:00  INFO 7556 --- [API_Server] [Thread-15] o.s.b.w.e.tomcat.GracefulShutdown        : Commencing graceful shutdown. Waiting for active requests to complete
2026-06-19T10:37:31.064+07:00  INFO 7556 --- [API_Server] [tomcat-shutdown] o.s.b.w.e.tomcat.GracefulShutdown        : Graceful shutdown complete
2026-06-19T10:37:31.065+07:00  INFO 7556 --- [API_Server] [Thread-15] o.s.m.s.b.SimpleBrokerMessageHandler     : Stopping...
2026-06-19T10:37:31.065+07:00  INFO 7556 --- [API_Server] [Thread-15] o.s.m.s.b.SimpleBrokerMessageHandler     : BrokerAvailabilityEvent[available=false, SimpleBrokerMessageHandler [org.springframework.messaging.simp.broker.DefaultSubscriptionRegistry@8a6c7a2]]
2026-06-19T10:37:31.066+07:00  INFO 7556 --- [API_Server] [Thread-15] o.s.m.s.b.SimpleBrokerMessageHandler     : Stopped.
2026-06-19T10:37:31.070+07:00  INFO 7556 --- [API_Server] [Thread-15] j.LocalContainerEntityManagerFactoryBean : Closing JPA EntityManagerFactory for persistence unit 'default'
2026-06-19T10:37:31.071+07:00  INFO 7556 --- [API_Server] [Thread-15] com.zaxxer.hikari.HikariDataSource       : HikariPool-4 - Shutdown initiated...
2026-06-19T10:37:31.073+07:00  INFO 7556 --- [API_Server] [Thread-15] com.zaxxer.hikari.HikariDataSource       : HikariPool-4 - Shutdown completed.
2026-06-19T10:37:31.148+07:00  INFO 7556 --- [API_Server] [restartedMain] c.e.apiServer.ApiServerApplication       : Starting ApiServerApplication using Java 23.0.2 with PID 7556 (C:\project\PhuThanh_SpringBoot\API_Server\target\classes started by HDCP in C:\project\PhuThanh_SpringBoot\API_Server)
2026-06-19T10:37:31.149+07:00  INFO 7556 --- [API_Server] [restartedMain] c.e.apiServer.ApiServerApplication       : No active profile set, falling back to 1 default profile: "default"
2026-06-19T10:37:31.340+07:00  INFO 7556 --- [API_Server] [restartedMain] .s.d.r.c.RepositoryConfigurationDelegate : Bootstrapping Spring Data JPA repositories in DEFAULT mode.
2026-06-19T10:37:31.349+07:00  INFO 7556 --- [API_Server] [restartedMain] .s.d.r.c.RepositoryConfigurationDelegate : Finished Spring Data repository scanning in 7 ms. Found 2 JPA repository interfaces.
2026-06-19T10:37:31.435+07:00  INFO 7556 --- [API_Server] [restartedMain] o.s.b.w.embedded.tomcat.TomcatWebServer  : Tomcat initialized with port 8080 (http)
2026-06-19T10:37:31.437+07:00  INFO 7556 --- [API_Server] [restartedMain] o.apache.catalina.core.StandardService   : Starting service [Tomcat]
2026-06-19T10:37:31.437+07:00  INFO 7556 --- [API_Server] [restartedMain] o.apache.catalina.core.StandardEngine    : Starting Servlet engine: [Apache Tomcat/10.1.48]
2026-06-19T10:37:31.466+07:00  INFO 7556 --- [API_Server] [restartedMain] o.a.c.c.C.[Tomcat].[localhost].[/]       : Initializing Spring embedded WebApplicationContext
2026-06-19T10:37:31.466+07:00  INFO 7556 --- [API_Server] [restartedMain] w.s.c.ServletWebServerApplicationContext : Root WebApplicationContext: initialization completed in 316 ms
2026-06-19T10:37:31.518+07:00  INFO 7556 --- [API_Server] [restartedMain] o.hibernate.jpa.internal.util.LogHelper  : HHH000204: Processing PersistenceUnitInfo [name: default]
2026-06-19T10:37:31.520+07:00  INFO 7556 --- [API_Server] [restartedMain] o.h.c.internal.RegionFactoryInitiator    : HHH000026: Second-level cache disabled
2026-06-19T10:37:31.525+07:00  INFO 7556 --- [API_Server] [restartedMain] o.s.o.j.p.SpringPersistenceUnitInfo      : No LoadTimeWeaver setup: ignoring JPA class transformer
2026-06-19T10:37:31.526+07:00  INFO 7556 --- [API_Server] [restartedMain] com.zaxxer.hikari.HikariDataSource       : HikariPool-5 - Starting...
2026-06-19T10:37:31.540+07:00  INFO 7556 --- [API_Server] [restartedMain] com.zaxxer.hikari.pool.HikariPool        : HikariPool-5 - Added connection ConnectionID:41 ClientConnectionId: 390ed1bb-c170-4c84-b119-74b7389f6369
2026-06-19T10:37:31.541+07:00  INFO 7556 --- [API_Server] [restartedMain] com.zaxxer.hikari.HikariDataSource       : HikariPool-5 - Start completed.
2026-06-19T10:37:31.581+07:00  WARN 7556 --- [API_Server] [restartedMain] org.hibernate.orm.deprecation            : HHH90000025: SQLServerDialect does not need to be specified explicitly using 'hibernate.dialect' (remove the property setting and it will be selected by default)
2026-06-19T10:37:31.582+07:00  INFO 7556 --- [API_Server] [restartedMain] org.hibernate.orm.connections.pooling    : HHH10001005: Database info:
	Database JDBC URL [Connecting through datasource 'HikariDataSource (HikariPool-5)']
	Database driver: undefined/unknown
	Database version: 16.0
	Autocommit mode: undefined/unknown
	Isolation level: undefined/unknown
	Minimum pool size: undefined/unknown
	Maximum pool size: undefined/unknown
2026-06-19T10:37:31.612+07:00  INFO 7556 --- [API_Server] [restartedMain] o.h.e.t.j.p.i.JtaPlatformInitiator       : HHH000489: No JTA platform available (set 'hibernate.transaction.jta.platform' to enable JTA platform integration)
2026-06-19T10:37:31.998+07:00  INFO 7556 --- [API_Server] [restartedMain] j.LocalContainerEntityManagerFactoryBean : Initialized JPA EntityManagerFactory for persistence unit 'default'
2026-06-19T10:37:32.165+07:00  WARN 7556 --- [API_Server] [restartedMain] JpaBaseConfiguration$JpaWebConfiguration : spring.jpa.open-in-view is enabled by default. Therefore, database queries may be performed during view rendering. Explicitly configure spring.jpa.open-in-view to disable this warning
2026-06-19T10:37:32.196+07:00  WARN 7556 --- [API_Server] [restartedMain] .s.s.UserDetailsServiceAutoConfiguration : 

Using generated security password: 78101403-89b9-4143-9cf3-187b0391b9e2

This generated password is for development use only. Your security configuration must be updated before running your application in production.

2026-06-19T10:37:32.197+07:00  INFO 7556 --- [API_Server] [restartedMain] r$InitializeUserDetailsManagerConfigurer : Global AuthenticationManager configured with UserDetailsService bean with name inMemoryUserDetailsManager
2026-06-19T10:37:32.281+07:00  INFO 7556 --- [API_Server] [restartedMain] o.s.b.a.e.web.EndpointLinksResolver      : Exposing 4 endpoints beneath base path '/actuator'
2026-06-19T10:37:32.426+07:00  INFO 7556 --- [API_Server] [restartedMain] o.s.b.d.a.OptionalLiveReloadServer       : LiveReload server is running on port 35729
2026-06-19T10:37:32.434+07:00  INFO 7556 --- [API_Server] [restartedMain] o.s.m.s.b.SimpleBrokerMessageHandler     : Starting...
2026-06-19T10:37:32.434+07:00  INFO 7556 --- [API_Server] [restartedMain] o.s.m.s.b.SimpleBrokerMessageHandler     : BrokerAvailabilityEvent[available=true, SimpleBrokerMessageHandler [org.springframework.messaging.simp.broker.DefaultSubscriptionRegistry@e79e90e]]
2026-06-19T10:37:32.435+07:00  INFO 7556 --- [API_Server] [restartedMain] o.s.m.s.b.SimpleBrokerMessageHandler     : Started.
2026-06-19T10:37:32.440+07:00  INFO 7556 --- [API_Server] [restartedMain] o.s.b.w.embedded.tomcat.TomcatWebServer  : Tomcat started on port 8080 (http) with context path '/'
2026-06-19T10:37:32.445+07:00  INFO 7556 --- [API_Server] [restartedMain] c.e.apiServer.ApiServerApplication       : Started ApiServerApplication in 1.312 seconds (process running for 315.441)
2026-06-19T10:37:33.475+07:00  INFO 7556 --- [API_Server] [restartedMain] .ConditionEvaluationDeltaLoggingListener : Condition evaluation unchanged
2026-06-19T10:37:33.481+07:00  INFO 7556 --- [API_Server] [http-nio-8080-exec-2] o.a.c.c.C.[Tomcat].[localhost].[/]       : Initializing Spring DispatcherServlet 'dispatcherServlet'
2026-06-19T10:37:33.481+07:00  INFO 7556 --- [API_Server] [http-nio-8080-exec-2] o.s.web.servlet.DispatcherServlet        : Initializing Servlet 'dispatcherServlet'
2026-06-19T10:37:33.482+07:00  INFO 7556 --- [API_Server] [http-nio-8080-exec-2] o.s.web.servlet.DispatcherServlet        : Completed initialization in 1 ms
2026-06-19T10:37:33.943+07:00  WARN 7556 --- [API_Server] [http-nio-8080-exec-2] .m.m.a.ExceptionHandlerExceptionResolver : Resolved [org.springframework.web.servlet.resource.NoResourceFoundException: No static resource admin/instances.]
2026-06-19T10:37:33.944+07:00  WARN 7556 --- [API_Server] [registrationTask1] d.c.b.a.c.r.ApplicationRegistrator       : Failed to register application as Application(name=API_Server, managementUrl=http://DESKTOP-4DLUCN9:8080/actuator, healthUrl=http://DESKTOP-4DLUCN9:8080/actuator/health, serviceUrl=http://DESKTOP-4DLUCN9:8080/) at spring-boot-admin ([http://localhost:8080/admin/instances]): 500 : "Có lỗi xảy ra: No static resource admin/instances.". Further attempts are logged on DEBUG level

org.springframework.web.client.HttpServerErrorException$InternalServerError: 500 : "Có lỗi xảy ra: No static resource admin/instances."
	at org.springframework.web.client.HttpServerErrorException.create(HttpServerErrorException.java:102) ~[spring-web-6.2.12.jar:6.2.12]
	at org.springframework.web.client.StatusHandler.lambda$defaultHandler$3(StatusHandler.java:89) ~[spring-web-6.2.12.jar:6.2.12]
	at org.springframework.web.client.StatusHandler.handle(StatusHandler.java:146) ~[spring-web-6.2.12.jar:6.2.12]
	at org.springframework.web.client.DefaultRestClient$DefaultResponseSpec.applyStatusHandlers(DefaultRestClient.java:838) ~[spring-web-6.2.12.jar:6.2.12]
	at org.springframework.web.client.DefaultRestClient$DefaultResponseSpec.lambda$readBody$4(DefaultRestClient.java:827) ~[spring-web-6.2.12.jar:6.2.12]
	at org.springframework.web.client.DefaultRestClient.readWithMessageConverters(DefaultRestClient.java:216) ~[spring-web-6.2.12.jar:6.2.12]
	at org.springframework.web.client.DefaultRestClient$DefaultResponseSpec.readBody(DefaultRestClient.java:826) ~[spring-web-6.2.12.jar:6.2.12]
	at org.springframework.web.client.DefaultRestClient$DefaultResponseSpec.lambda$body$1(DefaultRestClient.java:765) ~[spring-web-6.2.12.jar:6.2.12]
	at org.springframework.web.client.DefaultRestClient$DefaultRequestBodyUriSpec.exchangeInternal(DefaultRestClient.java:586) ~[spring-web-6.2.12.jar:6.2.12]
	at org.springframework.web.client.DefaultRestClient$DefaultRequestBodyUriSpec.exchange(DefaultRestClient.java:540) ~[spring-web-6.2.12.jar:6.2.12]
	at org.springframework.web.client.RestClient$RequestHeadersSpec.exchange(RestClient.java:680) ~[spring-web-6.2.12.jar:6.2.12]
	at org.springframework.web.client.DefaultRestClient$DefaultResponseSpec.executeAndExtract(DefaultRestClient.java:821) ~[spring-web-6.2.12.jar:6.2.12]
	at org.springframework.web.client.DefaultRestClient$DefaultResponseSpec.body(DefaultRestClient.java:765) ~[spring-web-6.2.12.jar:6.2.12]
	at de.codecentric.boot.admin.client.registration.RestClientRegistrationClient.register(RestClientRegistrationClient.java:45) ~[spring-boot-admin-client-3.4.5.jar:3.4.5]
	at de.codecentric.boot.admin.client.registration.DefaultApplicationRegistrator.register(DefaultApplicationRegistrator.java:80) ~[spring-boot-admin-client-3.4.5.jar:3.4.5]
	at de.codecentric.boot.admin.client.registration.DefaultApplicationRegistrator.register(DefaultApplicationRegistrator.java:61) ~[spring-boot-admin-client-3.4.5.jar:3.4.5]
	at org.springframework.scheduling.support.DelegatingErrorHandlingRunnable.run(DelegatingErrorHandlingRunnable.java:54) ~[spring-context-6.2.12.jar:6.2.12]
	at java.base/java.util.concurrent.Executors$RunnableAdapter.call(Executors.java:572) ~[na:na]
	at java.base/java.util.concurrent.FutureTask.runAndReset(FutureTask.java:358) ~[na:na]
	at java.base/java.util.concurrent.ScheduledThreadPoolExecutor$ScheduledFutureTask.run(ScheduledThreadPoolExecutor.java:305) ~[na:na]
	at java.base/java.util.concurrent.ThreadPoolExecutor.runWorker(ThreadPoolExecutor.java:1144) ~[na:na]
	at java.base/java.util.concurrent.ThreadPoolExecutor$Worker.run(ThreadPoolExecutor.java:642) ~[na:na]
	at java.base/java.lang.Thread.run(Thread.java:1575) ~[na:na]

2026-06-19T10:37:44.391+07:00  WARN 7556 --- [API_Server] [http-nio-8080-exec-1] .m.m.a.ExceptionHandlerExceptionResolver : Resolved [org.springframework.web.servlet.resource.NoResourceFoundException: No static resource admin/instances.]
2026-06-19T10:37:54.419+07:00  WARN 7556 --- [API_Server] [http-nio-8080-exec-3] .m.m.a.ExceptionHandlerExceptionResolver : Resolved [org.springframework.web.servlet.resource.NoResourceFoundException: No static resource admin/instances.]
2026-06-19T10:38:04.366+07:00  WARN 7556 --- [API_Server] [http-nio-8080-exec-4] .m.m.a.ExceptionHandlerExceptionResolver : Resolved [org.springframework.web.servlet.resource.NoResourceFoundException: No static resource admin/instances.]
2026-06-19T10:38:14.383+07:00  WARN 7556 --- [API_Server] [http-nio-8080-exec-5] .m.m.a.ExceptionHandlerExceptionResolver : Resolved [org.springframework.web.servlet.resource.NoResourceFoundException: No static resource admin/instances.]
2026-06-19T10:38:24.445+07:00  WARN 7556 --- [API_Server] [http-nio-8080-exec-6] .m.m.a.ExceptionHandlerExceptionResolver : Resolved [org.springframework.web.servlet.resource.NoResourceFoundException: No static resource admin/instances.]
2026-06-19T10:38:32.447+07:00  INFO 7556 --- [API_Server] [MessageBroker-1] o.s.w.s.c.WebSocketMessageBrokerStats    : WebSocketSession[0 current WS(0)-HttpStream(0)-HttpPoll(0), 0 total, 0 closed abnormally (0 connect failure, 0 send limit, 0 transport error)], stompSubProtocol[processed CONNECT(0)-CONNECTED(0)-DISCONNECT(0)], stompBrokerRelay[null], inboundChannel[pool size = 0, active threads = 0, queued tasks = 0, completed tasks = 0], outboundChannel[pool size = 0, active threads = 0, queued tasks = 0, completed tasks = 0], sockJsScheduler[pool size = 1, active threads = 1, queued tasks = 0, completed tasks = 0]
2026-06-19T10:38:34.391+07:00  WARN 7556 --- [API_Server] [http-nio-8080-exec-7] .m.m.a.ExceptionHandlerExceptionResolver : Resolved [org.springframework.web.servlet.resource.NoResourceFoundException: No static resource admin/instances.]
2026-06-19T10:38:44.404+07:00  WARN 7556 --- [API_Server] [http-nio-8080-exec-8] .m.m.a.ExceptionHandlerExceptionResolver : Resolved [org.springframework.web.servlet.resource.NoResourceFoundException: No static resource admin/instances.]
2026-06-19T10:38:54.380+07:00  WARN 7556 --- [API_Server] [http-nio-8080-exec-9] .m.m.a.ExceptionHandlerExceptionResolver : Resolved [org.springframework.web.servlet.resource.NoResourceFoundException: No static resource admin/instances.]
2026-06-19T10:38:56.994+07:00  INFO 7556 --- [API_Server] [File Watcher] rtingClassPathChangeChangedEventListener : Restarting due to 1 class path change (0 additions, 0 deletions, 1 modification)
2026-06-19T10:38:56.996+07:00  INFO 7556 --- [API_Server] [Thread-19] o.s.b.w.e.tomcat.GracefulShutdown        : Commencing graceful shutdown. Waiting for active requests to complete
2026-06-19T10:38:56.997+07:00  INFO 7556 --- [API_Server] [tomcat-shutdown] o.s.b.w.e.tomcat.GracefulShutdown        : Graceful shutdown complete
2026-06-19T10:38:56.998+07:00  INFO 7556 --- [API_Server] [Thread-19] o.s.m.s.b.SimpleBrokerMessageHandler     : Stopping...
2026-06-19T10:38:56.998+07:00  INFO 7556 --- [API_Server] [Thread-19] o.s.m.s.b.SimpleBrokerMessageHandler     : BrokerAvailabilityEvent[available=false, SimpleBrokerMessageHandler [org.springframework.messaging.simp.broker.DefaultSubscriptionRegistry@e79e90e]]
2026-06-19T10:38:56.998+07:00  INFO 7556 --- [API_Server] [Thread-19] o.s.m.s.b.SimpleBrokerMessageHandler     : Stopped.
2026-06-19T10:38:57.000+07:00  INFO 7556 --- [API_Server] [Thread-19] j.LocalContainerEntityManagerFactoryBean : Closing JPA EntityManagerFactory for persistence unit 'default'
2026-06-19T10:38:57.000+07:00  INFO 7556 --- [API_Server] [Thread-19] com.zaxxer.hikari.HikariDataSource       : HikariPool-5 - Shutdown initiated...
2026-06-19T10:38:57.002+07:00  INFO 7556 --- [API_Server] [Thread-19] com.zaxxer.hikari.HikariDataSource       : HikariPool-5 - Shutdown completed.
2026-06-19T10:38:57.068+07:00  INFO 7556 --- [API_Server] [restartedMain] c.e.apiServer.ApiServerApplication       : Starting ApiServerApplication using Java 23.0.2 with PID 7556 (C:\project\PhuThanh_SpringBoot\API_Server\target\classes started by HDCP in C:\project\PhuThanh_SpringBoot\API_Server)
2026-06-19T10:38:57.069+07:00  INFO 7556 --- [API_Server] [restartedMain] c.e.apiServer.ApiServerApplication       : No active profile set, falling back to 1 default profile: "default"
2026-06-19T10:38:57.246+07:00  INFO 7556 --- [API_Server] [restartedMain] .s.d.r.c.RepositoryConfigurationDelegate : Bootstrapping Spring Data JPA repositories in DEFAULT mode.
2026-06-19T10:38:57.255+07:00  INFO 7556 --- [API_Server] [restartedMain] .s.d.r.c.RepositoryConfigurationDelegate : Finished Spring Data repository scanning in 8 ms. Found 2 JPA repository interfaces.
2026-06-19T10:38:57.331+07:00  INFO 7556 --- [API_Server] [restartedMain] o.s.b.w.embedded.tomcat.TomcatWebServer  : Tomcat initialized with port 8080 (http)
2026-06-19T10:38:57.332+07:00  INFO 7556 --- [API_Server] [restartedMain] o.apache.catalina.core.StandardService   : Starting service [Tomcat]
2026-06-19T10:38:57.333+07:00  INFO 7556 --- [API_Server] [restartedMain] o.apache.catalina.core.StandardEngine    : Starting Servlet engine: [Apache Tomcat/10.1.48]
2026-06-19T10:38:57.365+07:00  INFO 7556 --- [API_Server] [restartedMain] o.a.c.c.C.[Tomcat].[localhost].[/]       : Initializing Spring embedded WebApplicationContext
2026-06-19T10:38:57.365+07:00  INFO 7556 --- [API_Server] [restartedMain] w.s.c.ServletWebServerApplicationContext : Root WebApplicationContext: initialization completed in 295 ms
2026-06-19T10:38:57.415+07:00  INFO 7556 --- [API_Server] [restartedMain] o.hibernate.jpa.internal.util.LogHelper  : HHH000204: Processing PersistenceUnitInfo [name: default]
2026-06-19T10:38:57.417+07:00  INFO 7556 --- [API_Server] [restartedMain] o.h.c.internal.RegionFactoryInitiator    : HHH000026: Second-level cache disabled
2026-06-19T10:38:57.422+07:00  INFO 7556 --- [API_Server] [restartedMain] o.s.o.j.p.SpringPersistenceUnitInfo      : No LoadTimeWeaver setup: ignoring JPA class transformer
2026-06-19T10:38:57.423+07:00  INFO 7556 --- [API_Server] [restartedMain] com.zaxxer.hikari.HikariDataSource       : HikariPool-6 - Starting...
2026-06-19T10:38:57.437+07:00  INFO 7556 --- [API_Server] [restartedMain] com.zaxxer.hikari.pool.HikariPool        : HikariPool-6 - Added connection ConnectionID:51 ClientConnectionId: 340bdaa1-fce3-42f9-9253-bca7d525dbc1
2026-06-19T10:38:57.438+07:00  INFO 7556 --- [API_Server] [restartedMain] com.zaxxer.hikari.HikariDataSource       : HikariPool-6 - Start completed.
2026-06-19T10:38:57.476+07:00  WARN 7556 --- [API_Server] [restartedMain] org.hibernate.orm.deprecation            : HHH90000025: SQLServerDialect does not need to be specified explicitly using 'hibernate.dialect' (remove the property setting and it will be selected by default)
2026-06-19T10:38:57.477+07:00  INFO 7556 --- [API_Server] [restartedMain] org.hibernate.orm.connections.pooling    : HHH10001005: Database info:
	Database JDBC URL [Connecting through datasource 'HikariDataSource (HikariPool-6)']
	Database driver: undefined/unknown
	Database version: 16.0
	Autocommit mode: undefined/unknown
	Isolation level: undefined/unknown
	Minimum pool size: undefined/unknown
	Maximum pool size: undefined/unknown
2026-06-19T10:38:57.506+07:00  INFO 7556 --- [API_Server] [restartedMain] o.h.e.t.j.p.i.JtaPlatformInitiator       : HHH000489: No JTA platform available (set 'hibernate.transaction.jta.platform' to enable JTA platform integration)
2026-06-19T10:38:57.885+07:00  INFO 7556 --- [API_Server] [restartedMain] j.LocalContainerEntityManagerFactoryBean : Initialized JPA EntityManagerFactory for persistence unit 'default'
2026-06-19T10:38:58.044+07:00  WARN 7556 --- [API_Server] [restartedMain] JpaBaseConfiguration$JpaWebConfiguration : spring.jpa.open-in-view is enabled by default. Therefore, database queries may be performed during view rendering. Explicitly configure spring.jpa.open-in-view to disable this warning
2026-06-19T10:38:58.075+07:00  WARN 7556 --- [API_Server] [restartedMain] .s.s.UserDetailsServiceAutoConfiguration : 

Using generated security password: eeafdff0-1d3b-440d-b9e3-52281566ecd1

This generated password is for development use only. Your security configuration must be updated before running your application in production.

2026-06-19T10:38:58.076+07:00  INFO 7556 --- [API_Server] [restartedMain] r$InitializeUserDetailsManagerConfigurer : Global AuthenticationManager configured with UserDetailsService bean with name inMemoryUserDetailsManager
2026-06-19T10:38:58.150+07:00  INFO 7556 --- [API_Server] [restartedMain] o.s.b.a.e.web.EndpointLinksResolver      : Exposing 4 endpoints beneath base path '/actuator'
2026-06-19T10:38:58.277+07:00  INFO 7556 --- [API_Server] [restartedMain] o.s.b.d.a.OptionalLiveReloadServer       : LiveReload server is running on port 35729
2026-06-19T10:38:58.284+07:00  INFO 7556 --- [API_Server] [restartedMain] o.s.m.s.b.SimpleBrokerMessageHandler     : Starting...
2026-06-19T10:38:58.284+07:00  INFO 7556 --- [API_Server] [restartedMain] o.s.m.s.b.SimpleBrokerMessageHandler     : BrokerAvailabilityEvent[available=true, SimpleBrokerMessageHandler [org.springframework.messaging.simp.broker.DefaultSubscriptionRegistry@78121bc]]
2026-06-19T10:38:58.284+07:00  INFO 7556 --- [API_Server] [restartedMain] o.s.m.s.b.SimpleBrokerMessageHandler     : Started.
2026-06-19T10:38:58.287+07:00  INFO 7556 --- [API_Server] [restartedMain] o.s.b.w.embedded.tomcat.TomcatWebServer  : Tomcat started on port 8080 (http) with context path '/'
2026-06-19T10:38:58.290+07:00  INFO 7556 --- [API_Server] [restartedMain] c.e.apiServer.ApiServerApplication       : Started ApiServerApplication in 1.237 seconds (process running for 401.285)
2026-06-19T10:38:58.710+07:00  INFO 7556 --- [API_Server] [restartedMain] .ConditionEvaluationDeltaLoggingListener : Condition evaluation unchanged
2026-06-19T10:38:58.716+07:00  INFO 7556 --- [API_Server] [http-nio-8080-exec-1] o.a.c.c.C.[Tomcat].[localhost].[/]       : Initializing Spring DispatcherServlet 'dispatcherServlet'
2026-06-19T10:38:58.716+07:00  INFO 7556 --- [API_Server] [http-nio-8080-exec-1] o.s.web.servlet.DispatcherServlet        : Initializing Servlet 'dispatcherServlet'
2026-06-19T10:38:58.718+07:00  INFO 7556 --- [API_Server] [http-nio-8080-exec-1] o.s.web.servlet.DispatcherServlet        : Completed initialization in 2 ms
2026-06-19T10:38:58.723+07:00  WARN 7556 --- [API_Server] [http-nio-8080-exec-1] .m.m.a.ExceptionHandlerExceptionResolver : Resolved [org.springframework.web.servlet.resource.NoResourceFoundException: No static resource admin/instances.]
2026-06-19T10:38:58.726+07:00  WARN 7556 --- [API_Server] [registrationTask1] d.c.b.a.c.r.ApplicationRegistrator       : Failed to register application as Application(name=API_Server, managementUrl=http://DESKTOP-4DLUCN9:8080/actuator, healthUrl=http://DESKTOP-4DLUCN9:8080/actuator/health, serviceUrl=http://DESKTOP-4DLUCN9:8080/) at spring-boot-admin ([http://localhost:8080/admin/instances]): 404 : [no body]. Further attempts are logged on DEBUG level

org.springframework.web.client.HttpClientErrorException$NotFound: 404 : [no body]
	at org.springframework.web.client.HttpClientErrorException.create(HttpClientErrorException.java:112) ~[spring-web-6.2.12.jar:6.2.12]
	at org.springframework.web.client.StatusHandler.lambda$defaultHandler$3(StatusHandler.java:86) ~[spring-web-6.2.12.jar:6.2.12]
	at org.springframework.web.client.StatusHandler.handle(StatusHandler.java:146) ~[spring-web-6.2.12.jar:6.2.12]
	at org.springframework.web.client.DefaultRestClient$DefaultResponseSpec.applyStatusHandlers(DefaultRestClient.java:838) ~[spring-web-6.2.12.jar:6.2.12]
	at org.springframework.web.client.DefaultRestClient$DefaultResponseSpec.lambda$readBody$4(DefaultRestClient.java:827) ~[spring-web-6.2.12.jar:6.2.12]
	at org.springframework.web.client.DefaultRestClient.readWithMessageConverters(DefaultRestClient.java:216) ~[spring-web-6.2.12.jar:6.2.12]
	at org.springframework.web.client.DefaultRestClient$DefaultResponseSpec.readBody(DefaultRestClient.java:826) ~[spring-web-6.2.12.jar:6.2.12]
	at org.springframework.web.client.DefaultRestClient$DefaultResponseSpec.lambda$body$1(DefaultRestClient.java:765) ~[spring-web-6.2.12.jar:6.2.12]
	at org.springframework.web.client.DefaultRestClient$DefaultRequestBodyUriSpec.exchangeInternal(DefaultRestClient.java:586) ~[spring-web-6.2.12.jar:6.2.12]
	at org.springframework.web.client.DefaultRestClient$DefaultRequestBodyUriSpec.exchange(DefaultRestClient.java:540) ~[spring-web-6.2.12.jar:6.2.12]
	at org.springframework.web.client.RestClient$RequestHeadersSpec.exchange(RestClient.java:680) ~[spring-web-6.2.12.jar:6.2.12]
	at org.springframework.web.client.DefaultRestClient$DefaultResponseSpec.executeAndExtract(DefaultRestClient.java:821) ~[spring-web-6.2.12.jar:6.2.12]
	at org.springframework.web.client.DefaultRestClient$DefaultResponseSpec.body(DefaultRestClient.java:765) ~[spring-web-6.2.12.jar:6.2.12]
	at de.codecentric.boot.admin.client.registration.RestClientRegistrationClient.register(RestClientRegistrationClient.java:45) ~[spring-boot-admin-client-3.4.5.jar:3.4.5]
	at de.codecentric.boot.admin.client.registration.DefaultApplicationRegistrator.register(DefaultApplicationRegistrator.java:80) ~[spring-boot-admin-client-3.4.5.jar:3.4.5]
	at de.codecentric.boot.admin.client.registration.DefaultApplicationRegistrator.register(DefaultApplicationRegistrator.java:61) ~[spring-boot-admin-client-3.4.5.jar:3.4.5]
	at org.springframework.scheduling.support.DelegatingErrorHandlingRunnable.run(DelegatingErrorHandlingRunnable.java:54) ~[spring-context-6.2.12.jar:6.2.12]
	at java.base/java.util.concurrent.Executors$RunnableAdapter.call(Executors.java:572) ~[na:na]
	at java.base/java.util.concurrent.FutureTask.runAndReset(FutureTask.java:358) ~[na:na]
	at java.base/java.util.concurrent.ScheduledThreadPoolExecutor$ScheduledFutureTask.run(ScheduledThreadPoolExecutor.java:305) ~[na:na]
	at java.base/java.util.concurrent.ThreadPoolExecutor.runWorker(ThreadPoolExecutor.java:1144) ~[na:na]
	at java.base/java.util.concurrent.ThreadPoolExecutor$Worker.run(ThreadPoolExecutor.java:642) ~[na:na]
	at java.base/java.lang.Thread.run(Thread.java:1575) ~[na:na]

2026-06-19T10:39:08.741+07:00  WARN 7556 --- [API_Server] [http-nio-8080-exec-2] .m.m.a.ExceptionHandlerExceptionResolver : Resolved [org.springframework.web.servlet.resource.NoResourceFoundException: No static resource admin/instances.]
2026-06-19T10:39:18.737+07:00  WARN 7556 --- [API_Server] [http-nio-8080-exec-4] .m.m.a.ExceptionHandlerExceptionResolver : Resolved [org.springframework.web.servlet.resource.NoResourceFoundException: No static resource admin/instances.]
2026-06-19T10:39:28.741+07:00  WARN 7556 --- [API_Server] [http-nio-8080-exec-5] .m.m.a.ExceptionHandlerExceptionResolver : Resolved [org.springframework.web.servlet.resource.NoResourceFoundException: No static resource admin/instances.]
2026-06-19T10:39:35.594+07:00  INFO 7556 --- [API_Server] [File Watcher] rtingClassPathChangeChangedEventListener : Restarting due to 1 class path change (0 additions, 0 deletions, 1 modification)
2026-06-19T10:39:35.596+07:00  INFO 7556 --- [API_Server] [Thread-23] o.s.b.w.e.tomcat.GracefulShutdown        : Commencing graceful shutdown. Waiting for active requests to complete
2026-06-19T10:39:35.598+07:00  INFO 7556 --- [API_Server] [tomcat-shutdown] o.s.b.w.e.tomcat.GracefulShutdown        : Graceful shutdown complete
2026-06-19T10:39:35.599+07:00  INFO 7556 --- [API_Server] [Thread-23] o.s.m.s.b.SimpleBrokerMessageHandler     : Stopping...
2026-06-19T10:39:35.599+07:00  INFO 7556 --- [API_Server] [Thread-23] o.s.m.s.b.SimpleBrokerMessageHandler     : BrokerAvailabilityEvent[available=false, SimpleBrokerMessageHandler [org.springframework.messaging.simp.broker.DefaultSubscriptionRegistry@78121bc]]
2026-06-19T10:39:35.599+07:00  INFO 7556 --- [API_Server] [Thread-23] o.s.m.s.b.SimpleBrokerMessageHandler     : Stopped.
2026-06-19T10:39:35.602+07:00  INFO 7556 --- [API_Server] [Thread-23] j.LocalContainerEntityManagerFactoryBean : Closing JPA EntityManagerFactory for persistence unit 'default'
2026-06-19T10:39:35.603+07:00  INFO 7556 --- [API_Server] [Thread-23] com.zaxxer.hikari.HikariDataSource       : HikariPool-6 - Shutdown initiated...
2026-06-19T10:39:35.608+07:00  INFO 7556 --- [API_Server] [Thread-23] com.zaxxer.hikari.HikariDataSource       : HikariPool-6 - Shutdown completed.
2026-06-19T10:39:35.678+07:00  INFO 7556 --- [API_Server] [restartedMain] c.e.apiServer.ApiServerApplication       : Starting ApiServerApplication using Java 23.0.2 with PID 7556 (C:\project\PhuThanh_SpringBoot\API_Server\target\classes started by HDCP in C:\project\PhuThanh_SpringBoot\API_Server)
2026-06-19T10:39:35.679+07:00  INFO 7556 --- [API_Server] [restartedMain] c.e.apiServer.ApiServerApplication       : No active profile set, falling back to 1 default profile: "default"
2026-06-19T10:39:35.862+07:00  INFO 7556 --- [API_Server] [restartedMain] .s.d.r.c.RepositoryConfigurationDelegate : Bootstrapping Spring Data JPA repositories in DEFAULT mode.
2026-06-19T10:39:35.871+07:00  INFO 7556 --- [API_Server] [restartedMain] .s.d.r.c.RepositoryConfigurationDelegate : Finished Spring Data repository scanning in 8 ms. Found 2 JPA repository interfaces.
2026-06-19T10:39:35.953+07:00  INFO 7556 --- [API_Server] [restartedMain] o.s.b.w.embedded.tomcat.TomcatWebServer  : Tomcat initialized with port 8080 (http)
2026-06-19T10:39:35.954+07:00  INFO 7556 --- [API_Server] [restartedMain] o.apache.catalina.core.StandardService   : Starting service [Tomcat]
2026-06-19T10:39:35.955+07:00  INFO 7556 --- [API_Server] [restartedMain] o.apache.catalina.core.StandardEngine    : Starting Servlet engine: [Apache Tomcat/10.1.48]
2026-06-19T10:39:35.979+07:00  INFO 7556 --- [API_Server] [restartedMain] o.a.c.c.C.[Tomcat].[localhost].[/]       : Initializing Spring embedded WebApplicationContext
2026-06-19T10:39:35.979+07:00  INFO 7556 --- [API_Server] [restartedMain] w.s.c.ServletWebServerApplicationContext : Root WebApplicationContext: initialization completed in 299 ms
2026-06-19T10:39:36.025+07:00  INFO 7556 --- [API_Server] [restartedMain] o.hibernate.jpa.internal.util.LogHelper  : HHH000204: Processing PersistenceUnitInfo [name: default]
2026-06-19T10:39:36.026+07:00  INFO 7556 --- [API_Server] [restartedMain] o.h.c.internal.RegionFactoryInitiator    : HHH000026: Second-level cache disabled
2026-06-19T10:39:36.030+07:00  INFO 7556 --- [API_Server] [restartedMain] o.s.o.j.p.SpringPersistenceUnitInfo      : No LoadTimeWeaver setup: ignoring JPA class transformer
2026-06-19T10:39:36.030+07:00  INFO 7556 --- [API_Server] [restartedMain] com.zaxxer.hikari.HikariDataSource       : HikariPool-7 - Starting...
2026-06-19T10:39:36.045+07:00  INFO 7556 --- [API_Server] [restartedMain] com.zaxxer.hikari.pool.HikariPool        : HikariPool-7 - Added connection ConnectionID:61 ClientConnectionId: 3bca5987-6be9-4e80-8e6b-3a7f4623a7a0
2026-06-19T10:39:36.058+07:00  INFO 7556 --- [API_Server] [restartedMain] com.zaxxer.hikari.HikariDataSource       : HikariPool-7 - Start completed.
2026-06-19T10:39:36.124+07:00  WARN 7556 --- [API_Server] [restartedMain] org.hibernate.orm.deprecation            : HHH90000025: SQLServerDialect does not need to be specified explicitly using 'hibernate.dialect' (remove the property setting and it will be selected by default)
2026-06-19T10:39:36.125+07:00  INFO 7556 --- [API_Server] [restartedMain] org.hibernate.orm.connections.pooling    : HHH10001005: Database info:
	Database JDBC URL [Connecting through datasource 'HikariDataSource (HikariPool-7)']
	Database driver: undefined/unknown
	Database version: 16.0
	Autocommit mode: undefined/unknown
	Isolation level: undefined/unknown
	Minimum pool size: undefined/unknown
	Maximum pool size: undefined/unknown
2026-06-19T10:39:36.149+07:00  INFO 7556 --- [API_Server] [restartedMain] o.h.e.t.j.p.i.JtaPlatformInitiator       : HHH000489: No JTA platform available (set 'hibernate.transaction.jta.platform' to enable JTA platform integration)
2026-06-19T10:39:36.528+07:00  INFO 7556 --- [API_Server] [restartedMain] j.LocalContainerEntityManagerFactoryBean : Initialized JPA EntityManagerFactory for persistence unit 'default'
2026-06-19T10:39:36.687+07:00  WARN 7556 --- [API_Server] [restartedMain] JpaBaseConfiguration$JpaWebConfiguration : spring.jpa.open-in-view is enabled by default. Therefore, database queries may be performed during view rendering. Explicitly configure spring.jpa.open-in-view to disable this warning
2026-06-19T10:39:36.720+07:00  WARN 7556 --- [API_Server] [restartedMain] .s.s.UserDetailsServiceAutoConfiguration : 

Using generated security password: c01de54c-e4e0-466f-a308-c8624ad88645

This generated password is for development use only. Your security configuration must be updated before running your application in production.

2026-06-19T10:39:36.721+07:00  INFO 7556 --- [API_Server] [restartedMain] r$InitializeUserDetailsManagerConfigurer : Global AuthenticationManager configured with UserDetailsService bean with name inMemoryUserDetailsManager
2026-06-19T10:39:36.799+07:00  INFO 7556 --- [API_Server] [restartedMain] o.s.b.a.e.web.EndpointLinksResolver      : Exposing 4 endpoints beneath base path '/actuator'
2026-06-19T10:39:36.928+07:00  INFO 7556 --- [API_Server] [restartedMain] o.s.b.d.a.OptionalLiveReloadServer       : LiveReload server is running on port 35729
2026-06-19T10:39:36.934+07:00  INFO 7556 --- [API_Server] [restartedMain] o.s.m.s.b.SimpleBrokerMessageHandler     : Starting...
2026-06-19T10:39:36.935+07:00  INFO 7556 --- [API_Server] [restartedMain] o.s.m.s.b.SimpleBrokerMessageHandler     : BrokerAvailabilityEvent[available=true, SimpleBrokerMessageHandler [org.springframework.messaging.simp.broker.DefaultSubscriptionRegistry@5b9f155e]]
2026-06-19T10:39:36.935+07:00  INFO 7556 --- [API_Server] [restartedMain] o.s.m.s.b.SimpleBrokerMessageHandler     : Started.
2026-06-19T10:39:36.937+07:00  INFO 7556 --- [API_Server] [restartedMain] o.s.b.w.embedded.tomcat.TomcatWebServer  : Tomcat started on port 8080 (http) with context path '/'
2026-06-19T10:39:36.941+07:00  INFO 7556 --- [API_Server] [restartedMain] c.e.apiServer.ApiServerApplication       : Started ApiServerApplication in 1.278 seconds (process running for 439.936)
2026-06-19T10:39:37.836+07:00  INFO 7556 --- [API_Server] [restartedMain] .ConditionEvaluationDeltaLoggingListener : Condition evaluation unchanged
2026-06-19T10:39:37.842+07:00  INFO 7556 --- [API_Server] [http-nio-8080-exec-1] o.a.c.c.C.[Tomcat].[localhost].[/]       : Initializing Spring DispatcherServlet 'dispatcherServlet'
2026-06-19T10:39:37.843+07:00  INFO 7556 --- [API_Server] [http-nio-8080-exec-1] o.s.web.servlet.DispatcherServlet        : Initializing Servlet 'dispatcherServlet'
2026-06-19T10:39:37.844+07:00  INFO 7556 --- [API_Server] [http-nio-8080-exec-1] o.s.web.servlet.DispatcherServlet        : Completed initialization in 1 ms
2026-06-19T10:39:37.847+07:00  WARN 7556 --- [API_Server] [http-nio-8080-exec-1] .m.m.a.ExceptionHandlerExceptionResolver : Resolved [org.springframework.web.servlet.resource.NoResourceFoundException: No static resource admin/instances.]
2026-06-19T10:39:37.848+07:00  WARN 7556 --- [API_Server] [registrationTask1] d.c.b.a.c.r.ApplicationRegistrator       : Failed to register application as Application(name=API_Server, managementUrl=http://DESKTOP-4DLUCN9:8080/actuator, healthUrl=http://DESKTOP-4DLUCN9:8080/actuator/health, serviceUrl=http://DESKTOP-4DLUCN9:8080/) at spring-boot-admin ([http://localhost:8080/admin/instances]): 404 : [no body]. Further attempts are logged on DEBUG level

org.springframework.web.client.HttpClientErrorException$NotFound: 404 : [no body]
	at org.springframework.web.client.HttpClientErrorException.create(HttpClientErrorException.java:112) ~[spring-web-6.2.12.jar:6.2.12]
	at org.springframework.web.client.StatusHandler.lambda$defaultHandler$3(StatusHandler.java:86) ~[spring-web-6.2.12.jar:6.2.12]
	at org.springframework.web.client.StatusHandler.handle(StatusHandler.java:146) ~[spring-web-6.2.12.jar:6.2.12]
	at org.springframework.web.client.DefaultRestClient$DefaultResponseSpec.applyStatusHandlers(DefaultRestClient.java:838) ~[spring-web-6.2.12.jar:6.2.12]
	at org.springframework.web.client.DefaultRestClient$DefaultResponseSpec.lambda$readBody$4(DefaultRestClient.java:827) ~[spring-web-6.2.12.jar:6.2.12]
	at org.springframework.web.client.DefaultRestClient.readWithMessageConverters(DefaultRestClient.java:216) ~[spring-web-6.2.12.jar:6.2.12]
	at org.springframework.web.client.DefaultRestClient$DefaultResponseSpec.readBody(DefaultRestClient.java:826) ~[spring-web-6.2.12.jar:6.2.12]
	at org.springframework.web.client.DefaultRestClient$DefaultResponseSpec.lambda$body$1(DefaultRestClient.java:765) ~[spring-web-6.2.12.jar:6.2.12]
	at org.springframework.web.client.DefaultRestClient$DefaultRequestBodyUriSpec.exchangeInternal(DefaultRestClient.java:586) ~[spring-web-6.2.12.jar:6.2.12]
	at org.springframework.web.client.DefaultRestClient$DefaultRequestBodyUriSpec.exchange(DefaultRestClient.java:540) ~[spring-web-6.2.12.jar:6.2.12]
	at org.springframework.web.client.RestClient$RequestHeadersSpec.exchange(RestClient.java:680) ~[spring-web-6.2.12.jar:6.2.12]
	at org.springframework.web.client.DefaultRestClient$DefaultResponseSpec.executeAndExtract(DefaultRestClient.java:821) ~[spring-web-6.2.12.jar:6.2.12]
	at org.springframework.web.client.DefaultRestClient$DefaultResponseSpec.body(DefaultRestClient.java:765) ~[spring-web-6.2.12.jar:6.2.12]
	at de.codecentric.boot.admin.client.registration.RestClientRegistrationClient.register(RestClientRegistrationClient.java:45) ~[spring-boot-admin-client-3.4.5.jar:3.4.5]
	at de.codecentric.boot.admin.client.registration.DefaultApplicationRegistrator.register(DefaultApplicationRegistrator.java:80) ~[spring-boot-admin-client-3.4.5.jar:3.4.5]
	at de.codecentric.boot.admin.client.registration.DefaultApplicationRegistrator.register(DefaultApplicationRegistrator.java:61) ~[spring-boot-admin-client-3.4.5.jar:3.4.5]
	at org.springframework.scheduling.support.DelegatingErrorHandlingRunnable.run(DelegatingErrorHandlingRunnable.java:54) ~[spring-context-6.2.12.jar:6.2.12]
	at java.base/java.util.concurrent.Executors$RunnableAdapter.call(Executors.java:572) ~[na:na]
	at java.base/java.util.concurrent.FutureTask.runAndReset(FutureTask.java:358) ~[na:na]
	at java.base/java.util.concurrent.ScheduledThreadPoolExecutor$ScheduledFutureTask.run(ScheduledThreadPoolExecutor.java:305) ~[na:na]
	at java.base/java.util.concurrent.ThreadPoolExecutor.runWorker(ThreadPoolExecutor.java:1144) ~[na:na]
	at java.base/java.util.concurrent.ThreadPoolExecutor$Worker.run(ThreadPoolExecutor.java:642) ~[na:na]
	at java.base/java.lang.Thread.run(Thread.java:1575) ~[na:na]

2026-06-19T10:39:47.857+07:00  WARN 7556 --- [API_Server] [http-nio-8080-exec-2] .m.m.a.ExceptionHandlerExceptionResolver : Resolved [org.springframework.web.servlet.resource.NoResourceFoundException: No static resource admin/instances.]
2026-06-19T10:39:55.285+07:00  INFO 7556 --- [API_Server] [http-nio-8080-exec-3] o.apache.tomcat.util.http.parser.Cookie  : A cookie header was received [g_state={"i_l":0,"i_ll":1777998294174,"i_b":"ZNR3uNv0fH+FE1dDIKzu8KprRRhn/dgsVv87jMlm2ZA","i_e":{"enable_itp_optimization":0},"i_et":1777997229580};] that contained an invalid cookie. That cookie will be ignored.
 Note: further occurrences of this error will be logged at DEBUG level.
2026-06-19T10:39:55.296+07:00  WARN 7556 --- [API_Server] [http-nio-8080-exec-3] .m.m.a.ExceptionHandlerExceptionResolver : Resolved [org.springframework.web.servlet.resource.NoResourceFoundException: No static resource admin/instances.]
2026-06-19T10:39:57.856+07:00  WARN 7556 --- [API_Server] [http-nio-8080-exec-4] .m.m.a.ExceptionHandlerExceptionResolver : Resolved [org.springframework.web.servlet.resource.NoResourceFoundException: No static resource admin/instances.]
2026-06-19T10:40:07.865+07:00  WARN 7556 --- [API_Server] [http-nio-8080-exec-5] .m.m.a.ExceptionHandlerExceptionResolver : Resolved [org.springframework.web.servlet.resource.NoResourceFoundException: No static resource admin/instances.]
2026-06-19T10:40:17.859+07:00  WARN 7556 --- [API_Server] [http-nio-8080-exec-6] .m.m.a.ExceptionHandlerExceptionResolver : Resolved [org.springframework.web.servlet.resource.NoResourceFoundException: No static resource admin/instances.]
2026-06-19T10:40:27.872+07:00  WARN 7556 --- [API_Server] [http-nio-8080-exec-7] .m.m.a.ExceptionHandlerExceptionResolver : Resolved [org.springframework.web.servlet.resource.NoResourceFoundException: No static resource admin/instances.]
2026-06-19T10:40:36.944+07:00  INFO 7556 --- [API_Server] [MessageBroker-1] o.s.w.s.c.WebSocketMessageBrokerStats    : WebSocketSession[0 current WS(0)-HttpStream(0)-HttpPoll(0), 0 total, 0 closed abnormally (0 connect failure, 0 send limit, 0 transport error)], stompSubProtocol[processed CONNECT(0)-CONNECTED(0)-DISCONNECT(0)], stompBrokerRelay[null], inboundChannel[pool size = 0, active threads = 0, queued tasks = 0, completed tasks = 0], outboundChannel[pool size = 0, active threads = 0, queued tasks = 0, completed tasks = 0], sockJsScheduler[pool size = 1, active threads = 1, queued tasks = 0, completed tasks = 0]
2026-06-19T10:40:37.872+07:00  WARN 7556 --- [API_Server] [http-nio-8080-exec-8] .m.m.a.ExceptionHandlerExceptionResolver : Resolved [org.springframework.web.servlet.resource.NoResourceFoundException: No static resource admin/instances.]
2026-06-19T10:40:47.857+07:00  WARN 7556 --- [API_Server] [http-nio-8080-exec-9] .m.m.a.ExceptionHandlerExceptionResolver : Resolved [org.springframework.web.servlet.resource.NoResourceFoundException: No static resource admin/instances.]
2026-06-19T10:40:57.862+07:00  WARN 7556 --- [API_Server] [http-nio-8080-exec-2] .m.m.a.ExceptionHandlerExceptionResolver : Resolved [org.springframework.web.servlet.resource.NoResourceFoundException: No static resource admin/instances.]
2026-06-19T10:41:07.856+07:00  WARN 7556 --- [API_Server] [http-nio-8080-exec-3] .m.m.a.ExceptionHandlerExceptionResolver : Resolved [org.springframework.web.servlet.resource.NoResourceFoundException: No static resource admin/instances.]
2026-06-19T10:41:17.860+07:00  WARN 7556 --- [API_Server] [http-nio-8080-exec-4] .m.m.a.ExceptionHandlerExceptionResolver : Resolved [org.springframework.web.servlet.resource.NoResourceFoundException: No static resource admin/instances.]
2026-06-19T10:41:27.857+07:00  WARN 7556 --- [API_Server] [http-nio-8080-exec-5] .m.m.a.ExceptionHandlerExceptionResolver : Resolved [org.springframework.web.servlet.resource.NoResourceFoundException: No static resource admin/instances.]
2026-06-19T10:41:37.863+07:00  WARN 7556 --- [API_Server] [http-nio-8080-exec-6] .m.m.a.ExceptionHandlerExceptionResolver : Resolved [org.springframework.web.servlet.resource.NoResourceFoundException: No static resource admin/instances.]
2026-06-19T10:41:38.305+07:00  INFO 7556 --- [API_Server] [File Watcher] rtingClassPathChangeChangedEventListener : Restarting due to 36 class path changes (0 additions, 0 deletions, 36 modifications)
2026-06-19T10:41:38.307+07:00  INFO 7556 --- [API_Server] [Thread-27] o.s.b.w.e.tomcat.GracefulShutdown        : Commencing graceful shutdown. Waiting for active requests to complete
2026-06-19T10:41:38.310+07:00  INFO 7556 --- [API_Server] [tomcat-shutdown] o.s.b.w.e.tomcat.GracefulShutdown        : Graceful shutdown complete
2026-06-19T10:41:38.312+07:00  INFO 7556 --- [API_Server] [Thread-27] o.s.m.s.b.SimpleBrokerMessageHandler     : Stopping...
2026-06-19T10:41:38.312+07:00  INFO 7556 --- [API_Server] [Thread-27] o.s.m.s.b.SimpleBrokerMessageHandler     : BrokerAvailabilityEvent[available=false, SimpleBrokerMessageHandler [org.springframework.messaging.simp.broker.DefaultSubscriptionRegistry@5b9f155e]]
2026-06-19T10:41:38.312+07:00  INFO 7556 --- [API_Server] [Thread-27] o.s.m.s.b.SimpleBrokerMessageHandler     : Stopped.
2026-06-19T10:41:38.314+07:00  INFO 7556 --- [API_Server] [Thread-27] j.LocalContainerEntityManagerFactoryBean : Closing JPA EntityManagerFactory for persistence unit 'default'
2026-06-19T10:41:38.314+07:00  INFO 7556 --- [API_Server] [Thread-27] com.zaxxer.hikari.HikariDataSource       : HikariPool-7 - Shutdown initiated...
2026-06-19T10:41:38.315+07:00  INFO 7556 --- [API_Server] [Thread-27] com.zaxxer.hikari.HikariDataSource       : HikariPool-7 - Shutdown completed.
2026-06-19T10:41:38.399+07:00  INFO 7556 --- [API_Server] [restartedMain] c.e.apiServer.ApiServerApplication       : Starting ApiServerApplication using Java 23.0.2 with PID 7556 (C:\project\PhuThanh_SpringBoot\API_Server\target\classes started by HDCP in C:\project\PhuThanh_SpringBoot\API_Server)
2026-06-19T10:41:38.399+07:00  INFO 7556 --- [API_Server] [restartedMain] c.e.apiServer.ApiServerApplication       : No active profile set, falling back to 1 default profile: "default"
2026-06-19T10:41:38.644+07:00  INFO 7556 --- [API_Server] [restartedMain] .s.d.r.c.RepositoryConfigurationDelegate : Bootstrapping Spring Data JPA repositories in DEFAULT mode.
2026-06-19T10:41:38.664+07:00  INFO 7556 --- [API_Server] [restartedMain] .s.d.r.c.RepositoryConfigurationDelegate : Finished Spring Data repository scanning in 18 ms. Found 2 JPA repository interfaces.
2026-06-19T10:41:38.764+07:00  INFO 7556 --- [API_Server] [restartedMain] o.s.b.w.embedded.tomcat.TomcatWebServer  : Tomcat initialized with port 8080 (http)
2026-06-19T10:41:38.766+07:00  INFO 7556 --- [API_Server] [restartedMain] o.apache.catalina.core.StandardService   : Starting service [Tomcat]
2026-06-19T10:41:38.766+07:00  INFO 7556 --- [API_Server] [restartedMain] o.apache.catalina.core.StandardEngine    : Starting Servlet engine: [Apache Tomcat/10.1.48]
2026-06-19T10:41:38.782+07:00  INFO 7556 --- [API_Server] [restartedMain] o.a.c.c.C.[Tomcat].[localhost].[/]       : Initializing Spring embedded WebApplicationContext
2026-06-19T10:41:38.783+07:00  INFO 7556 --- [API_Server] [restartedMain] w.s.c.ServletWebServerApplicationContext : Root WebApplicationContext: initialization completed in 383 ms
2026-06-19T10:41:38.834+07:00  INFO 7556 --- [API_Server] [restartedMain] o.hibernate.jpa.internal.util.LogHelper  : HHH000204: Processing PersistenceUnitInfo [name: default]
2026-06-19T10:41:38.836+07:00  INFO 7556 --- [API_Server] [restartedMain] o.h.c.internal.RegionFactoryInitiator    : HHH000026: Second-level cache disabled
2026-06-19T10:41:38.841+07:00  INFO 7556 --- [API_Server] [restartedMain] o.s.o.j.p.SpringPersistenceUnitInfo      : No LoadTimeWeaver setup: ignoring JPA class transformer
2026-06-19T10:41:38.842+07:00  INFO 7556 --- [API_Server] [restartedMain] com.zaxxer.hikari.HikariDataSource       : HikariPool-8 - Starting...
2026-06-19T10:41:38.858+07:00  INFO 7556 --- [API_Server] [restartedMain] com.zaxxer.hikari.pool.HikariPool        : HikariPool-8 - Added connection ConnectionID:71 ClientConnectionId: 09e86259-af80-4ec6-ae5f-670981cb486c
2026-06-19T10:41:38.858+07:00  INFO 7556 --- [API_Server] [restartedMain] com.zaxxer.hikari.HikariDataSource       : HikariPool-8 - Start completed.
2026-06-19T10:41:38.895+07:00  WARN 7556 --- [API_Server] [restartedMain] org.hibernate.orm.deprecation            : HHH90000025: SQLServerDialect does not need to be specified explicitly using 'hibernate.dialect' (remove the property setting and it will be selected by default)
2026-06-19T10:41:38.897+07:00  INFO 7556 --- [API_Server] [restartedMain] org.hibernate.orm.connections.pooling    : HHH10001005: Database info:
	Database JDBC URL [Connecting through datasource 'HikariDataSource (HikariPool-8)']
	Database driver: undefined/unknown
	Database version: 16.0
	Autocommit mode: undefined/unknown
	Isolation level: undefined/unknown
	Minimum pool size: undefined/unknown
	Maximum pool size: undefined/unknown
2026-06-19T10:41:38.930+07:00  INFO 7556 --- [API_Server] [restartedMain] o.h.e.t.j.p.i.JtaPlatformInitiator       : HHH000489: No JTA platform available (set 'hibernate.transaction.jta.platform' to enable JTA platform integration)
2026-06-19T10:41:39.337+07:00  INFO 7556 --- [API_Server] [restartedMain] j.LocalContainerEntityManagerFactoryBean : Initialized JPA EntityManagerFactory for persistence unit 'default'
2026-06-19T10:41:39.499+07:00  WARN 7556 --- [API_Server] [restartedMain] JpaBaseConfiguration$JpaWebConfiguration : spring.jpa.open-in-view is enabled by default. Therefore, database queries may be performed during view rendering. Explicitly configure spring.jpa.open-in-view to disable this warning
2026-06-19T10:41:39.527+07:00  WARN 7556 --- [API_Server] [restartedMain] .s.s.UserDetailsServiceAutoConfiguration : 

Using generated security password: d3642991-5e78-4259-9875-d5a8866b4544

This generated password is for development use only. Your security configuration must be updated before running your application in production.

2026-06-19T10:41:39.528+07:00  INFO 7556 --- [API_Server] [restartedMain] r$InitializeUserDetailsManagerConfigurer : Global AuthenticationManager configured with UserDetailsService bean with name inMemoryUserDetailsManager
2026-06-19T10:41:39.605+07:00  INFO 7556 --- [API_Server] [restartedMain] o.s.b.a.e.web.EndpointLinksResolver      : Exposing 4 endpoints beneath base path '/actuator'
2026-06-19T10:41:39.735+07:00  INFO 7556 --- [API_Server] [restartedMain] o.s.b.d.a.OptionalLiveReloadServer       : LiveReload server is running on port 35729
2026-06-19T10:41:39.745+07:00  INFO 7556 --- [API_Server] [restartedMain] o.s.m.s.b.SimpleBrokerMessageHandler     : Starting...
2026-06-19T10:41:39.745+07:00  INFO 7556 --- [API_Server] [restartedMain] o.s.m.s.b.SimpleBrokerMessageHandler     : BrokerAvailabilityEvent[available=true, SimpleBrokerMessageHandler [org.springframework.messaging.simp.broker.DefaultSubscriptionRegistry@10948676]]
2026-06-19T10:41:39.746+07:00  INFO 7556 --- [API_Server] [restartedMain] o.s.m.s.b.SimpleBrokerMessageHandler     : Started.
2026-06-19T10:41:39.747+07:00  INFO 7556 --- [API_Server] [restartedMain] o.s.b.w.embedded.tomcat.TomcatWebServer  : Tomcat started on port 8080 (http) with context path '/'
2026-06-19T10:41:39.750+07:00  INFO 7556 --- [API_Server] [restartedMain] c.e.apiServer.ApiServerApplication       : Started ApiServerApplication in 1.376 seconds (process running for 562.745)
2026-06-19T10:41:40.675+07:00  INFO 7556 --- [API_Server] [restartedMain] .ConditionEvaluationDeltaLoggingListener : Condition evaluation unchanged
2026-06-19T10:41:40.680+07:00  INFO 7556 --- [API_Server] [http-nio-8080-exec-1] o.a.c.c.C.[Tomcat].[localhost].[/]       : Initializing Spring DispatcherServlet 'dispatcherServlet'
2026-06-19T10:41:40.680+07:00  INFO 7556 --- [API_Server] [http-nio-8080-exec-1] o.s.web.servlet.DispatcherServlet        : Initializing Servlet 'dispatcherServlet'
2026-06-19T10:41:40.682+07:00  INFO 7556 --- [API_Server] [http-nio-8080-exec-1] o.s.web.servlet.DispatcherServlet        : Completed initialization in 1 ms
2026-06-19T10:41:40.688+07:00  WARN 7556 --- [API_Server] [http-nio-8080-exec-1] .m.m.a.ExceptionHandlerExceptionResolver : Resolved [org.springframework.web.servlet.resource.NoResourceFoundException: No static resource admin/instances.]
2026-06-19T10:41:40.691+07:00  WARN 7556 --- [API_Server] [registrationTask1] d.c.b.a.c.r.ApplicationRegistrator       : Failed to register application as Application(name=API_Server, managementUrl=http://DESKTOP-4DLUCN9:8080/actuator, healthUrl=http://DESKTOP-4DLUCN9:8080/actuator/health, serviceUrl=http://DESKTOP-4DLUCN9:8080/) at spring-boot-admin ([http://localhost:8080/admin/instances]): 404 : [no body]. Further attempts are logged on DEBUG level

org.springframework.web.client.HttpClientErrorException$NotFound: 404 : [no body]
	at org.springframework.web.client.HttpClientErrorException.create(HttpClientErrorException.java:112) ~[spring-web-6.2.12.jar:6.2.12]
	at org.springframework.web.client.StatusHandler.lambda$defaultHandler$3(StatusHandler.java:86) ~[spring-web-6.2.12.jar:6.2.12]
	at org.springframework.web.client.StatusHandler.handle(StatusHandler.java:146) ~[spring-web-6.2.12.jar:6.2.12]
	at org.springframework.web.client.DefaultRestClient$DefaultResponseSpec.applyStatusHandlers(DefaultRestClient.java:838) ~[spring-web-6.2.12.jar:6.2.12]
	at org.springframework.web.client.DefaultRestClient$DefaultResponseSpec.lambda$readBody$4(DefaultRestClient.java:827) ~[spring-web-6.2.12.jar:6.2.12]
	at org.springframework.web.client.DefaultRestClient.readWithMessageConverters(DefaultRestClient.java:216) ~[spring-web-6.2.12.jar:6.2.12]
	at org.springframework.web.client.DefaultRestClient$DefaultResponseSpec.readBody(DefaultRestClient.java:826) ~[spring-web-6.2.12.jar:6.2.12]
	at org.springframework.web.client.DefaultRestClient$DefaultResponseSpec.lambda$body$1(DefaultRestClient.java:765) ~[spring-web-6.2.12.jar:6.2.12]
	at org.springframework.web.client.DefaultRestClient$DefaultRequestBodyUriSpec.exchangeInternal(DefaultRestClient.java:586) ~[spring-web-6.2.12.jar:6.2.12]
	at org.springframework.web.client.DefaultRestClient$DefaultRequestBodyUriSpec.exchange(DefaultRestClient.java:540) ~[spring-web-6.2.12.jar:6.2.12]
	at org.springframework.web.client.RestClient$RequestHeadersSpec.exchange(RestClient.java:680) ~[spring-web-6.2.12.jar:6.2.12]
	at org.springframework.web.client.DefaultRestClient$DefaultResponseSpec.executeAndExtract(DefaultRestClient.java:821) ~[spring-web-6.2.12.jar:6.2.12]
	at org.springframework.web.client.DefaultRestClient$DefaultResponseSpec.body(DefaultRestClient.java:765) ~[spring-web-6.2.12.jar:6.2.12]
	at de.codecentric.boot.admin.client.registration.RestClientRegistrationClient.register(RestClientRegistrationClient.java:45) ~[spring-boot-admin-client-3.4.5.jar:3.4.5]
	at de.codecentric.boot.admin.client.registration.DefaultApplicationRegistrator.register(DefaultApplicationRegistrator.java:80) ~[spring-boot-admin-client-3.4.5.jar:3.4.5]
	at de.codecentric.boot.admin.client.registration.DefaultApplicationRegistrator.register(DefaultApplicationRegistrator.java:61) ~[spring-boot-admin-client-3.4.5.jar:3.4.5]
	at org.springframework.scheduling.support.DelegatingErrorHandlingRunnable.run(DelegatingErrorHandlingRunnable.java:54) ~[spring-context-6.2.12.jar:6.2.12]
	at java.base/java.util.concurrent.Executors$RunnableAdapter.call(Executors.java:572) ~[na:na]
	at java.base/java.util.concurrent.FutureTask.runAndReset(FutureTask.java:358) ~[na:na]
	at java.base/java.util.concurrent.ScheduledThreadPoolExecutor$ScheduledFutureTask.run(ScheduledThreadPoolExecutor.java:305) ~[na:na]
	at java.base/java.util.concurrent.ThreadPoolExecutor.runWorker(ThreadPoolExecutor.java:1144) ~[na:na]
	at java.base/java.util.concurrent.ThreadPoolExecutor$Worker.run(ThreadPoolExecutor.java:642) ~[na:na]
	at java.base/java.lang.Thread.run(Thread.java:1575) ~[na:na]

2026-06-19T10:41:46.475+07:00  INFO 7556 --- [API_Server] [SpringApplicationShutdownHook] o.s.b.w.e.tomcat.GracefulShutdown        : Commencing graceful shutdown. Waiting for active requests to complete
2026-06-19T10:41:46.478+07:00  INFO 7556 --- [API_Server] [tomcat-shutdown] o.s.b.w.e.tomcat.GracefulShutdown        : Graceful shutdown complete
2026-06-19T10:41:46.480+07:00  INFO 7556 --- [API_Server] [SpringApplicationShutdownHook] o.s.m.s.b.SimpleBrokerMessageHandler     : Stopping...
2026-06-19T10:41:46.480+07:00  INFO 7556 --- [API_Server] [SpringApplicationShutdownHook] o.s.m.s.b.SimpleBrokerMessageHandler     : BrokerAvailabilityEvent[available=false, SimpleBrokerMessageHandler [org.springframework.messaging.simp.broker.DefaultSubscriptionRegistry@10948676]]
2026-06-19T10:41:46.480+07:00  INFO 7556 --- [API_Server] [SpringApplicationShutdownHook] o.s.m.s.b.SimpleBrokerMessageHandler     : Stopped.
2026-06-19T10:41:46.483+07:00  INFO 7556 --- [API_Server] [SpringApplicationShutdownHook] j.LocalContainerEntityManagerFactoryBean : Closing JPA EntityManagerFactory for persistence unit 'default'
2026-06-19T10:41:46.485+07:00  INFO 7556 --- [API_Server] [SpringApplicationShutdownHook] com.zaxxer.hikari.HikariDataSource       : HikariPool-8 - Shutdown initiated...
2026-06-19T10:41:46.492+07:00  INFO 7556 --- [API_Server] [SpringApplicationShutdownHook] com.zaxxer.hikari.HikariDataSource       : HikariPool-8 - Shutdown completed.
2026-06-19T10:41:57.376+07:00  INFO 17564 --- [API_Server] [main] c.e.apiServer.ApiServerApplicationTests  : Starting ApiServerApplicationTests using Java 23.0.2 with PID 17564 (started by HDCP in C:\project\PhuThanh_SpringBoot\API_Server)
2026-06-19T10:41:57.377+07:00  INFO 17564 --- [API_Server] [main] c.e.apiServer.ApiServerApplicationTests  : No active profile set, falling back to 1 default profile: "default"
2026-06-19T10:41:58.310+07:00  INFO 17564 --- [API_Server] [main] .s.d.r.c.RepositoryConfigurationDelegate : Bootstrapping Spring Data JPA repositories in DEFAULT mode.
2026-06-19T10:41:58.424+07:00  INFO 17564 --- [API_Server] [main] .s.d.r.c.RepositoryConfigurationDelegate : Finished Spring Data repository scanning in 105 ms. Found 2 JPA repository interfaces.
2026-06-19T10:41:59.114+07:00  INFO 17564 --- [API_Server] [main] o.hibernate.jpa.internal.util.LogHelper  : HHH000204: Processing PersistenceUnitInfo [name: default]
2026-06-19T10:41:59.247+07:00  INFO 17564 --- [API_Server] [main] org.hibernate.Version                    : HHH000412: Hibernate ORM core version 6.6.33.Final
2026-06-19T10:41:59.330+07:00  INFO 17564 --- [API_Server] [main] o.h.c.internal.RegionFactoryInitiator    : HHH000026: Second-level cache disabled
2026-06-19T10:41:59.613+07:00  INFO 17564 --- [API_Server] [main] o.s.o.j.p.SpringPersistenceUnitInfo      : No LoadTimeWeaver setup: ignoring JPA class transformer
2026-06-19T10:41:59.634+07:00  INFO 17564 --- [API_Server] [main] com.zaxxer.hikari.HikariDataSource       : HikariPool-1 - Starting...
2026-06-19T10:41:59.855+07:00  INFO 17564 --- [API_Server] [main] com.zaxxer.hikari.pool.HikariPool        : HikariPool-1 - Added connection ConnectionID:1 ClientConnectionId: 3057ef6a-0a15-4748-a74b-042d06c72ca1
2026-06-19T10:41:59.857+07:00  INFO 17564 --- [API_Server] [main] com.zaxxer.hikari.HikariDataSource       : HikariPool-1 - Start completed.
2026-06-19T10:41:59.879+07:00  WARN 17564 --- [API_Server] [main] org.hibernate.orm.deprecation            : HHH90000025: SQLServerDialect does not need to be specified explicitly using 'hibernate.dialect' (remove the property setting and it will be selected by default)
2026-06-19T10:41:59.896+07:00  INFO 17564 --- [API_Server] [main] org.hibernate.orm.connections.pooling    : HHH10001005: Database info:
	Database JDBC URL [Connecting through datasource 'HikariDataSource (HikariPool-1)']
	Database driver: undefined/unknown
	Database version: 16.0
	Autocommit mode: undefined/unknown
	Isolation level: undefined/unknown
	Minimum pool size: undefined/unknown
	Maximum pool size: undefined/unknown
2026-06-19T10:42:00.568+07:00  INFO 17564 --- [API_Server] [main] o.h.e.t.j.p.i.JtaPlatformInitiator       : HHH000489: No JTA platform available (set 'hibernate.transaction.jta.platform' to enable JTA platform integration)
2026-06-19T10:42:00.789+07:00  INFO 17564 --- [API_Server] [main] j.LocalContainerEntityManagerFactoryBean : Initialized JPA EntityManagerFactory for persistence unit 'default'
2026-06-19T10:42:01.588+07:00  INFO 17564 --- [API_Server] [main] o.s.d.j.r.query.QueryEnhancerFactory     : Hibernate is in classpath; If applicable, HQL parser will be used.
2026-06-19T10:42:02.205+07:00  WARN 17564 --- [API_Server] [main] JpaBaseConfiguration$JpaWebConfiguration : spring.jpa.open-in-view is enabled by default. Therefore, database queries may be performed during view rendering. Explicitly configure spring.jpa.open-in-view to disable this warning
2026-06-19T10:42:02.392+07:00  WARN 17564 --- [API_Server] [main] .s.s.UserDetailsServiceAutoConfiguration : 

Using generated security password: 49bba05e-ee90-4650-bb3d-81d77f8824b6

This generated password is for development use only. Your security configuration must be updated before running your application in production.

2026-06-19T10:42:02.398+07:00  INFO 17564 --- [API_Server] [main] r$InitializeUserDetailsManagerConfigurer : Global AuthenticationManager configured with UserDetailsService bean with name inMemoryUserDetailsManager
2026-06-19T10:42:02.741+07:00  INFO 17564 --- [API_Server] [main] o.s.b.a.e.web.EndpointLinksResolver      : Exposing 4 endpoints beneath base path '/actuator'
2026-06-19T10:42:03.169+07:00  INFO 17564 --- [API_Server] [main] o.s.m.s.b.SimpleBrokerMessageHandler     : Starting...
2026-06-19T10:42:03.169+07:00  INFO 17564 --- [API_Server] [main] o.s.m.s.b.SimpleBrokerMessageHandler     : BrokerAvailabilityEvent[available=true, SimpleBrokerMessageHandler [org.springframework.messaging.simp.broker.DefaultSubscriptionRegistry@3906de9]]
2026-06-19T10:42:03.171+07:00  INFO 17564 --- [API_Server] [main] o.s.m.s.b.SimpleBrokerMessageHandler     : Started.
2026-06-19T10:42:03.224+07:00  INFO 17564 --- [API_Server] [main] c.e.apiServer.ApiServerApplicationTests  : Started ApiServerApplicationTests in 6.08 seconds (process running for 6.883)
2026-06-19T10:42:04.255+07:00 ERROR 17564 --- [API_Server] [registrationTask1] o.s.s.s.TaskUtils$LoggingErrorHandler    : Unexpected error occurred in scheduled task

java.lang.IllegalStateException: couldn't determine local port. Please set spring.boot.admin.client.instance.service-base-url.
	at de.codecentric.boot.admin.client.registration.DefaultApplicationFactory.getLocalServerPort(DefaultApplicationFactory.java:205) ~[spring-boot-admin-client-3.4.5.jar:3.4.5]
	at de.codecentric.boot.admin.client.registration.DefaultApplicationFactory.getServiceBaseUrl(DefaultApplicationFactory.java:109) ~[spring-boot-admin-client-3.4.5.jar:3.4.5]
	at de.codecentric.boot.admin.client.registration.ServletApplicationFactory.getServiceUrl(ServletApplicationFactory.java:62) ~[spring-boot-admin-client-3.4.5.jar:3.4.5]
	at de.codecentric.boot.admin.client.registration.ServletApplicationFactory.getManagementBaseUrl(ServletApplicationFactory.java:77) ~[spring-boot-admin-client-3.4.5.jar:3.4.5]
	at de.codecentric.boot.admin.client.registration.DefaultApplicationFactory.getHealthUrl(DefaultApplicationFactory.java:165) ~[spring-boot-admin-client-3.4.5.jar:3.4.5]
	at de.codecentric.boot.admin.client.registration.DefaultApplicationFactory.createApplication(DefaultApplicationFactory.java:80) ~[spring-boot-admin-client-3.4.5.jar:3.4.5]
	at de.codecentric.boot.admin.client.registration.DefaultApplicationRegistrator.register(DefaultApplicationRegistrator.java:56) ~[spring-boot-admin-client-3.4.5.jar:3.4.5]
	at org.springframework.scheduling.support.DelegatingErrorHandlingRunnable.run(DelegatingErrorHandlingRunnable.java:54) ~[spring-context-6.2.12.jar:6.2.12]
	at java.base/java.util.concurrent.Executors$RunnableAdapter.call(Executors.java:572) ~[na:na]
	at java.base/java.util.concurrent.FutureTask.runAndReset(FutureTask.java:358) ~[na:na]
	at java.base/java.util.concurrent.ScheduledThreadPoolExecutor$ScheduledFutureTask.run(ScheduledThreadPoolExecutor.java:305) ~[na:na]
	at java.base/java.util.concurrent.ThreadPoolExecutor.runWorker(ThreadPoolExecutor.java:1144) ~[na:na]
	at java.base/java.util.concurrent.ThreadPoolExecutor$Worker.run(ThreadPoolExecutor.java:642) ~[na:na]
	at java.base/java.lang.Thread.run(Thread.java:1575) ~[na:na]

2026-06-19T10:42:04.575+07:00  INFO 17564 --- [API_Server] [SpringApplicationShutdownHook] o.s.m.s.b.SimpleBrokerMessageHandler     : Stopping...
2026-06-19T10:42:04.576+07:00  INFO 17564 --- [API_Server] [SpringApplicationShutdownHook] o.s.m.s.b.SimpleBrokerMessageHandler     : BrokerAvailabilityEvent[available=false, SimpleBrokerMessageHandler [org.springframework.messaging.simp.broker.DefaultSubscriptionRegistry@3906de9]]
2026-06-19T10:42:04.576+07:00  INFO 17564 --- [API_Server] [SpringApplicationShutdownHook] o.s.m.s.b.SimpleBrokerMessageHandler     : Stopped.
2026-06-19T10:42:04.597+07:00  INFO 17564 --- [API_Server] [SpringApplicationShutdownHook] j.LocalContainerEntityManagerFactoryBean : Closing JPA EntityManagerFactory for persistence unit 'default'
2026-06-19T10:42:04.599+07:00  INFO 17564 --- [API_Server] [SpringApplicationShutdownHook] com.zaxxer.hikari.HikariDataSource       : HikariPool-1 - Shutdown initiated...
2026-06-19T10:42:04.601+07:00  INFO 17564 --- [API_Server] [SpringApplicationShutdownHook] com.zaxxer.hikari.HikariDataSource       : HikariPool-1 - Shutdown completed.
2026-06-19T10:42:42.245+07:00  INFO 18888 --- [API_Server] [restartedMain] c.e.apiServer.ApiServerApplication       : Starting ApiServerApplication using Java 23.0.2 with PID 18888 (C:\project\PhuThanh_SpringBoot\API_Server\target\classes started by HDCP in C:\project\PhuThanh_SpringBoot\API_Server)
2026-06-19T10:42:42.246+07:00  INFO 18888 --- [API_Server] [restartedMain] c.e.apiServer.ApiServerApplication       : No active profile set, falling back to 1 default profile: "default"
2026-06-19T10:42:42.281+07:00  INFO 18888 --- [API_Server] [restartedMain] .e.DevToolsPropertyDefaultsPostProcessor : Devtools property defaults active! Set 'spring.devtools.add-properties' to 'false' to disable
2026-06-19T10:42:42.281+07:00  INFO 18888 --- [API_Server] [restartedMain] .e.DevToolsPropertyDefaultsPostProcessor : For additional web related logging consider setting the 'logging.level.web' property to 'DEBUG'
2026-06-19T10:42:42.990+07:00  INFO 18888 --- [API_Server] [restartedMain] .s.d.r.c.RepositoryConfigurationDelegate : Bootstrapping Spring Data JPA repositories in DEFAULT mode.
2026-06-19T10:42:43.085+07:00  INFO 18888 --- [API_Server] [restartedMain] .s.d.r.c.RepositoryConfigurationDelegate : Finished Spring Data repository scanning in 89 ms. Found 2 JPA repository interfaces.
2026-06-19T10:42:43.511+07:00  INFO 18888 --- [API_Server] [restartedMain] o.s.b.w.embedded.tomcat.TomcatWebServer  : Tomcat initialized with port 8080 (http)
2026-06-19T10:42:43.520+07:00  INFO 18888 --- [API_Server] [restartedMain] o.apache.catalina.core.StandardService   : Starting service [Tomcat]
2026-06-19T10:42:43.521+07:00  INFO 18888 --- [API_Server] [restartedMain] o.apache.catalina.core.StandardEngine    : Starting Servlet engine: [Apache Tomcat/10.1.48]
2026-06-19T10:42:43.553+07:00  INFO 18888 --- [API_Server] [restartedMain] o.a.c.c.C.[Tomcat].[localhost].[/]       : Initializing Spring embedded WebApplicationContext
2026-06-19T10:42:43.555+07:00  INFO 18888 --- [API_Server] [restartedMain] w.s.c.ServletWebServerApplicationContext : Root WebApplicationContext: initialization completed in 1272 ms
2026-06-19T10:42:43.715+07:00  INFO 18888 --- [API_Server] [restartedMain] o.hibernate.jpa.internal.util.LogHelper  : HHH000204: Processing PersistenceUnitInfo [name: default]
2026-06-19T10:42:43.745+07:00  INFO 18888 --- [API_Server] [restartedMain] org.hibernate.Version                    : HHH000412: Hibernate ORM core version 6.6.33.Final
2026-06-19T10:42:43.767+07:00  INFO 18888 --- [API_Server] [restartedMain] o.h.c.internal.RegionFactoryInitiator    : HHH000026: Second-level cache disabled
2026-06-19T10:42:43.924+07:00  INFO 18888 --- [API_Server] [restartedMain] o.s.o.j.p.SpringPersistenceUnitInfo      : No LoadTimeWeaver setup: ignoring JPA class transformer
2026-06-19T10:42:43.942+07:00  INFO 18888 --- [API_Server] [restartedMain] com.zaxxer.hikari.HikariDataSource       : HikariPool-1 - Starting...
2026-06-19T10:42:44.144+07:00  INFO 18888 --- [API_Server] [restartedMain] com.zaxxer.hikari.pool.HikariPool        : HikariPool-1 - Added connection ConnectionID:1 ClientConnectionId: 8d8cd6f9-92aa-43ee-9a6d-90a17c35ba27
2026-06-19T10:42:44.145+07:00  INFO 18888 --- [API_Server] [restartedMain] com.zaxxer.hikari.HikariDataSource       : HikariPool-1 - Start completed.
2026-06-19T10:42:44.204+07:00  WARN 18888 --- [API_Server] [restartedMain] org.hibernate.orm.deprecation            : HHH90000025: SQLServerDialect does not need to be specified explicitly using 'hibernate.dialect' (remove the property setting and it will be selected by default)
2026-06-19T10:42:44.250+07:00  INFO 18888 --- [API_Server] [restartedMain] org.hibernate.orm.connections.pooling    : HHH10001005: Database info:
	Database JDBC URL [Connecting through datasource 'HikariDataSource (HikariPool-1)']
	Database driver: undefined/unknown
	Database version: 16.0
	Autocommit mode: undefined/unknown
	Isolation level: undefined/unknown
	Minimum pool size: undefined/unknown
	Maximum pool size: undefined/unknown
2026-06-19T10:42:44.766+07:00  INFO 18888 --- [API_Server] [restartedMain] o.h.e.t.j.p.i.JtaPlatformInitiator       : HHH000489: No JTA platform available (set 'hibernate.transaction.jta.platform' to enable JTA platform integration)
2026-06-19T10:42:45.175+07:00  INFO 18888 --- [API_Server] [restartedMain] j.LocalContainerEntityManagerFactoryBean : Initialized JPA EntityManagerFactory for persistence unit 'default'
2026-06-19T10:42:45.574+07:00  INFO 18888 --- [API_Server] [restartedMain] o.s.d.j.r.query.QueryEnhancerFactory     : Hibernate is in classpath; If applicable, HQL parser will be used.
2026-06-19T10:42:46.011+07:00  WARN 18888 --- [API_Server] [restartedMain] JpaBaseConfiguration$JpaWebConfiguration : spring.jpa.open-in-view is enabled by default. Therefore, database queries may be performed during view rendering. Explicitly configure spring.jpa.open-in-view to disable this warning
2026-06-19T10:42:46.083+07:00  WARN 18888 --- [API_Server] [restartedMain] .s.s.UserDetailsServiceAutoConfiguration : 

Using generated security password: c1461827-7a64-4ba5-b2fe-ef3da00ef93e

This generated password is for development use only. Your security configuration must be updated before running your application in production.

2026-06-19T10:42:46.087+07:00  INFO 18888 --- [API_Server] [restartedMain] r$InitializeUserDetailsManagerConfigurer : Global AuthenticationManager configured with UserDetailsService bean with name inMemoryUserDetailsManager
2026-06-19T10:42:46.292+07:00  INFO 18888 --- [API_Server] [restartedMain] o.s.b.a.e.web.EndpointLinksResolver      : Exposing 4 endpoints beneath base path '/actuator'
2026-06-19T10:42:46.924+07:00  INFO 18888 --- [API_Server] [restartedMain] o.s.b.d.a.OptionalLiveReloadServer       : LiveReload server is running on port 35729
2026-06-19T10:42:46.960+07:00  INFO 18888 --- [API_Server] [restartedMain] o.s.m.s.b.SimpleBrokerMessageHandler     : Starting...
2026-06-19T10:42:46.960+07:00  INFO 18888 --- [API_Server] [restartedMain] o.s.m.s.b.SimpleBrokerMessageHandler     : BrokerAvailabilityEvent[available=true, SimpleBrokerMessageHandler [org.springframework.messaging.simp.broker.DefaultSubscriptionRegistry@71ba5c63]]
2026-06-19T10:42:46.961+07:00  INFO 18888 --- [API_Server] [restartedMain] o.s.m.s.b.SimpleBrokerMessageHandler     : Started.
2026-06-19T10:42:46.967+07:00  INFO 18888 --- [API_Server] [restartedMain] o.s.b.w.embedded.tomcat.TomcatWebServer  : Tomcat started on port 8080 (http) with context path '/'
2026-06-19T10:42:46.978+07:00  INFO 18888 --- [API_Server] [restartedMain] c.e.apiServer.ApiServerApplication       : Started ApiServerApplication in 4.973 seconds (process running for 5.271)
2026-06-19T10:42:48.107+07:00  INFO 18888 --- [API_Server] [http-nio-8080-exec-1] o.a.c.c.C.[Tomcat].[localhost].[/]       : Initializing Spring DispatcherServlet 'dispatcherServlet'
2026-06-19T10:42:48.107+07:00  INFO 18888 --- [API_Server] [http-nio-8080-exec-1] o.s.web.servlet.DispatcherServlet        : Initializing Servlet 'dispatcherServlet'
2026-06-19T10:42:48.109+07:00  INFO 18888 --- [API_Server] [http-nio-8080-exec-1] o.s.web.servlet.DispatcherServlet        : Completed initialization in 1 ms
2026-06-19T10:42:48.280+07:00  INFO 18888 --- [API_Server] [registrationTask1] d.c.b.a.c.r.ApplicationRegistrator       : Application registered itself as aead94140931
2026-06-19T10:42:48.298+07:00  INFO 18888 --- [API_Server] [http-nio-8080-exec-2] com.zaxxer.hikari.HikariDataSource       : HikariPool-2 - Starting...
2026-06-19T10:42:48.314+07:00  INFO 18888 --- [API_Server] [http-nio-8080-exec-2] com.zaxxer.hikari.pool.HikariPool        : HikariPool-2 - Added connection ConnectionID:11 ClientConnectionId: cfe4fccd-f2d7-4380-8655-4c77835eee56
2026-06-19T10:42:48.315+07:00  INFO 18888 --- [API_Server] [http-nio-8080-exec-2] com.zaxxer.hikari.HikariDataSource       : HikariPool-2 - Start completed.
2026-06-19T10:43:01.993+07:00  INFO 18888 --- [API_Server] [http-nio-8080-exec-6] o.apache.tomcat.util.http.parser.Cookie  : A cookie header was received [g_state={"i_l":0,"i_ll":1777998294174,"i_b":"ZNR3uNv0fH+FE1dDIKzu8KprRRhn/dgsVv87jMlm2ZA","i_e":{"enable_itp_optimization":0},"i_et":1777997229580};] that contained an invalid cookie. That cookie will be ignored.
 Note: further occurrences of this error will be logged at DEBUG level.
2026-06-19T10:43:02.011+07:00  WARN 18888 --- [API_Server] [http-nio-8080-exec-6] .m.m.a.ExceptionHandlerExceptionResolver : Resolved [org.springframework.web.servlet.resource.NoResourceFoundException: No static resource .]
2026-06-19T10:43:46.942+07:00  INFO 18888 --- [API_Server] [MessageBroker-1] o.s.w.s.c.WebSocketMessageBrokerStats    : WebSocketSession[0 current WS(0)-HttpStream(0)-HttpPoll(0), 0 total, 0 closed abnormally (0 connect failure, 0 send limit, 0 transport error)], stompSubProtocol[processed CONNECT(0)-CONNECTED(0)-DISCONNECT(0)], stompBrokerRelay[null], inboundChannel[pool size = 0, active threads = 0, queued tasks = 0, completed tasks = 0], outboundChannel[pool size = 0, active threads = 0, queued tasks = 0, completed tasks = 0], sockJsScheduler[pool size = 1, active threads = 1, queued tasks = 0, completed tasks = 0]
2026-06-19T10:44:03.764+07:00  WARN 18888 --- [API_Server] [parallel-13] s.w.s.m.m.a.RequestMappingHandlerAdapter : !!!
Performing asynchronous handling through the default Spring MVC SimpleAsyncTaskExecutor.
This executor is not suitable for production use under load.
Please, configure an AsyncTaskExecutor through the WebMvc config.
-------------------------------
!!!
2026-06-19T10:44:08.614+07:00  INFO 18888 --- [API_Server] [http-nio-8080-exec-3] o.apache.coyote.http11.Http11Processor   : Error parsing HTTP request header
 Note: further occurrences of HTTP request parsing errors will be logged at DEBUG level.

java.lang.IllegalArgumentException: Invalid character found in method name [0x160x030x010x060xd80x010x000x060xd40x030x03;Y[?0xe2!0x88R0xe5i0xa40xf60xf3j0x06F0x12j0x910x8a60xd9@0x90W&0xcf0xab0xf8_C0xa7 ]. HTTP method names must be tokens
	at org.apache.coyote.http11.Http11InputBuffer.parseRequestLine(Http11InputBuffer.java:402) ~[tomcat-embed-core-10.1.48.jar:10.1.48]
	at org.apache.coyote.http11.Http11Processor.service(Http11Processor.java:272) ~[tomcat-embed-core-10.1.48.jar:10.1.48]
	at org.apache.coyote.AbstractProcessorLight.process(AbstractProcessorLight.java:63) ~[tomcat-embed-core-10.1.48.jar:10.1.48]
	at org.apache.coyote.AbstractProtocol$ConnectionHandler.process(AbstractProtocol.java:903) ~[tomcat-embed-core-10.1.48.jar:10.1.48]
	at org.apache.tomcat.util.net.NioEndpoint$SocketProcessor.doRun(NioEndpoint.java:1774) ~[tomcat-embed-core-10.1.48.jar:10.1.48]
	at org.apache.tomcat.util.net.SocketProcessorBase.run(SocketProcessorBase.java:52) ~[tomcat-embed-core-10.1.48.jar:10.1.48]
	at org.apache.tomcat.util.threads.ThreadPoolExecutor.runWorker(ThreadPoolExecutor.java:973) ~[tomcat-embed-core-10.1.48.jar:10.1.48]
	at org.apache.tomcat.util.threads.ThreadPoolExecutor$Worker.run(ThreadPoolExecutor.java:491) ~[tomcat-embed-core-10.1.48.jar:10.1.48]
	at org.apache.tomcat.util.threads.TaskThread$WrappingRunnable.run(TaskThread.java:63) ~[tomcat-embed-core-10.1.48.jar:10.1.48]
	at java.base/java.lang.Thread.run(Thread.java:1575) ~[na:na]

2026-06-19T10:44:12.028+07:00  WARN 18888 --- [API_Server] [http-nio-8080-exec-9] .m.m.a.ExceptionHandlerExceptionResolver : Resolved [org.springframework.web.servlet.resource.NoResourceFoundException: No static resource .]
2026-06-19T10:44:56.568+07:00  WARN 18888 --- [API_Server] [http-nio-8080-exec-9] .m.m.a.ExceptionHandlerExceptionResolver : Resolved [org.springframework.web.servlet.resource.NoResourceFoundException: No static resource applications.]
2026-06-19T10:47:17.337+07:00  INFO 18888 --- [API_Server] [Thread-24] o.s.b.w.e.tomcat.GracefulShutdown        : Commencing graceful shutdown. Waiting for active requests to complete
2026-06-19T10:47:23.440+07:00  WARN 18888 --- [API_Server] [http-nio-8080-exec-9] .m.m.a.ExceptionHandlerExceptionResolver : Resolved [java.io.IOException: An established connection was aborted by the software in your host machine]
2026-06-19T10:47:26.790+07:00  WARN 18888 --- [API_Server] [reactor-http-nio-2] r.netty.http.client.HttpClientConnect    : [e95d6257-43, L:/127.0.0.1:58903 ! R:localhost/127.0.0.1:8080] The connection observed an error

reactor.netty.http.client.PrematureCloseException: Connection prematurely closed BEFORE response

2026-06-19T10:47:26.793+07:00  INFO 18888 --- [API_Server] [reactor-http-nio-2] d.c.b.a.server.services.StatusUpdater    : Couldn't retrieve status for Instance(id=aead94140931, version=2, registration=Registration(name=API_Server, managementUrl=http://DESKTOP-4DLUCN9:8080/actuator, healthUrl=http://DESKTOP-4DLUCN9:8080/actuator/health, serviceUrl=http://DESKTOP-4DLUCN9:8080/, source=http-api), registered=true, statusInfo=StatusInfo(status=UP, details={ssl={status=UP, details={validChains=[], invalidChains=[]}}, db={status=UP, components={dataSource={status=UP, details={database=Microsoft SQL Server, validationQuery=isValid()}}, fastDataSource={status=UP, details={database=Microsoft SQL Server, validationQuery=isValid()}}}}, diskSpace={status=UP, details={total=447571279872, free=243339489280, threshold=10485760, path=C:\project\PhuThanh_SpringBoot\API_Server\., exists=true}}, ping={status=UP}}), statusTimestamp=2026-06-19T03:42:48.361741100Z, info=Info(values={}), endpoints=Endpoints(endpoints={logfile=Endpoint(id=logfile, url=http://DESKTOP-4DLUCN9:8080/actuator/logfile), health=Endpoint(id=health, url=http://DESKTOP-4DLUCN9:8080/actuator/health), shutdown=Endpoint(id=shutdown, url=http://DESKTOP-4DLUCN9:8080/actuator/shutdown), info=Endpoint(id=info, url=http://DESKTOP-4DLUCN9:8080/actuator/info)}), buildVersion=null, tags=Tags(values={}))

org.springframework.web.reactive.function.client.WebClientRequestException: Connection prematurely closed BEFORE response
	at org.springframework.web.reactive.function.client.ExchangeFunctions$DefaultExchangeFunction.lambda$wrapException$9(ExchangeFunctions.java:137) ~[spring-webflux-6.2.12.jar:6.2.12]
	Suppressed: reactor.core.publisher.FluxOnAssembly$OnAssemblyException: 
Error has been observed at the following site(s):
	*__checkpoint ⇢ Request to GET health [DefaultWebClient]
Original Stack Trace:
		at org.springframework.web.reactive.function.client.ExchangeFunctions$DefaultExchangeFunction.lambda$wrapException$9(ExchangeFunctions.java:137) ~[spring-webflux-6.2.12.jar:6.2.12]
		at reactor.core.publisher.MonoErrorSupplied.subscribe(MonoErrorSupplied.java:55) ~[reactor-core-3.7.12.jar:3.7.12]
		at reactor.core.publisher.Mono.subscribe(Mono.java:4576) ~[reactor-core-3.7.12.jar:3.7.12]
		at reactor.core.publisher.FluxOnErrorResume$ResumeSubscriber.onError(FluxOnErrorResume.java:103) ~[reactor-core-3.7.12.jar:3.7.12]
		at reactor.core.publisher.FluxPeek$PeekSubscriber.onError(FluxPeek.java:222) ~[reactor-core-3.7.12.jar:3.7.12]
		at reactor.core.publisher.FluxPeek$PeekSubscriber.onError(FluxPeek.java:222) ~[reactor-core-3.7.12.jar:3.7.12]
		at reactor.core.publisher.FluxPeek$PeekSubscriber.onError(FluxPeek.java:222) ~[reactor-core-3.7.12.jar:3.7.12]
		at reactor.core.publisher.MonoNext$NextSubscriber.onError(MonoNext.java:93) ~[reactor-core-3.7.12.jar:3.7.12]
		at reactor.core.publisher.MonoFlatMapMany$FlatMapManyMain.onError(MonoFlatMapMany.java:205) ~[reactor-core-3.7.12.jar:3.7.12]
		at reactor.core.publisher.SerializedSubscriber.onError(SerializedSubscriber.java:124) ~[reactor-core-3.7.12.jar:3.7.12]
		at reactor.core.publisher.FluxRetryWhen$RetryWhenMainSubscriber.whenError(FluxRetryWhen.java:229) ~[reactor-core-3.7.12.jar:3.7.12]
		at reactor.core.publisher.FluxRetryWhen$RetryWhenOtherSubscriber.onError(FluxRetryWhen.java:279) ~[reactor-core-3.7.12.jar:3.7.12]
		at reactor.core.publisher.FluxContextWrite$ContextWriteSubscriber.onError(FluxContextWrite.java:121) ~[reactor-core-3.7.12.jar:3.7.12]
		at reactor.core.publisher.FluxConcatMapNoPrefetch$FluxConcatMapNoPrefetchSubscriber.maybeOnError(FluxConcatMapNoPrefetch.java:327) ~[reactor-core-3.7.12.jar:3.7.12]
		at reactor.core.publisher.FluxConcatMapNoPrefetch$FluxConcatMapNoPrefetchSubscriber.onNext(FluxConcatMapNoPrefetch.java:212) ~[reactor-core-3.7.12.jar:3.7.12]
		at reactor.core.publisher.FluxContextWrite$ContextWriteSubscriber.onNext(FluxContextWrite.java:107) ~[reactor-core-3.7.12.jar:3.7.12]
		at reactor.core.publisher.SinkManyEmitterProcessor.drain(SinkManyEmitterProcessor.java:476) ~[reactor-core-3.7.12.jar:3.7.12]
		at reactor.core.publisher.SinkManyEmitterProcessor$EmitterInner.drainParent(SinkManyEmitterProcessor.java:620) ~[reactor-core-3.7.12.jar:3.7.12]
		at reactor.core.publisher.FluxPublish$PubSubInner.request(FluxPublish.java:874) ~[reactor-core-3.7.12.jar:3.7.12]
		at reactor.core.publisher.FluxContextWrite$ContextWriteSubscriber.request(FluxContextWrite.java:136) ~[reactor-core-3.7.12.jar:3.7.12]
		at reactor.core.publisher.FluxConcatMapNoPrefetch$FluxConcatMapNoPrefetchSubscriber.request(FluxConcatMapNoPrefetch.java:337) ~[reactor-core-3.7.12.jar:3.7.12]
		at reactor.core.publisher.FluxContextWrite$ContextWriteSubscriber.request(FluxContextWrite.java:136) ~[reactor-core-3.7.12.jar:3.7.12]
		at reactor.core.publisher.Operators$DeferredSubscription.request(Operators.java:1742) ~[reactor-core-3.7.12.jar:3.7.12]
		at reactor.core.publisher.FluxRetryWhen$RetryWhenMainSubscriber.onError(FluxRetryWhen.java:196) ~[reactor-core-3.7.12.jar:3.7.12]
		at reactor.core.publisher.MonoCreate$DefaultMonoSink.error(MonoCreate.java:205) ~[reactor-core-3.7.12.jar:3.7.12]
		at reactor.netty.http.client.HttpClientConnect$HttpObserver.onUncaughtException(HttpClientConnect.java:425) ~[reactor-netty-http-1.2.11.jar:1.2.11]
		at reactor.netty.ReactorNetty$CompositeConnectionObserver.onUncaughtException(ReactorNetty.java:715) ~[reactor-netty-core-1.2.11.jar:1.2.11]
		at reactor.netty.resources.DefaultPooledConnectionProvider$DisposableAcquire.onUncaughtException(DefaultPooledConnectionProvider.java:225) ~[reactor-netty-core-1.2.11.jar:1.2.11]
		at reactor.netty.resources.DefaultPooledConnectionProvider$PooledConnection.onUncaughtException(DefaultPooledConnectionProvider.java:478) ~[reactor-netty-core-1.2.11.jar:1.2.11]
		at reactor.netty.http.client.HttpClientOperations.onInboundClose(HttpClientOperations.java:392) ~[reactor-netty-http-1.2.11.jar:1.2.11]
		at reactor.netty.channel.ChannelOperationsHandler.channelInactive(ChannelOperationsHandler.java:73) ~[reactor-netty-core-1.2.11.jar:1.2.11]
		at io.netty.channel.AbstractChannelHandlerContext.invokeChannelInactive(AbstractChannelHandlerContext.java:303) ~[netty-transport-4.1.128.Final.jar:4.1.128.Final]
		at io.netty.channel.AbstractChannelHandlerContext.invokeChannelInactive(AbstractChannelHandlerContext.java:281) ~[netty-transport-4.1.128.Final.jar:4.1.128.Final]
		at io.netty.channel.AbstractChannelHandlerContext.fireChannelInactive(AbstractChannelHandlerContext.java:274) ~[netty-transport-4.1.128.Final.jar:4.1.128.Final]
		at io.netty.channel.ChannelInboundHandlerAdapter.channelInactive(ChannelInboundHandlerAdapter.java:81) ~[netty-transport-4.1.128.Final.jar:4.1.128.Final]
		at io.netty.handler.codec.http.HttpContentDecoder.channelInactive(HttpContentDecoder.java:237) ~[netty-codec-http-4.1.128.Final.jar:4.1.128.Final]
		at io.netty.channel.AbstractChannelHandlerContext.invokeChannelInactive(AbstractChannelHandlerContext.java:303) ~[netty-transport-4.1.128.Final.jar:4.1.128.Final]
		at io.netty.channel.AbstractChannelHandlerContext.invokeChannelInactive(AbstractChannelHandlerContext.java:281) ~[netty-transport-4.1.128.Final.jar:4.1.128.Final]
		at io.netty.channel.AbstractChannelHandlerContext.fireChannelInactive(AbstractChannelHandlerContext.java:274) ~[netty-transport-4.1.128.Final.jar:4.1.128.Final]
		at io.netty.channel.CombinedChannelDuplexHandler$DelegatingChannelHandlerContext.fireChannelInactive(CombinedChannelDuplexHandler.java:418) ~[netty-transport-4.1.128.Final.jar:4.1.128.Final]
		at io.netty.handler.codec.ByteToMessageDecoder.channelInputClosed(ByteToMessageDecoder.java:412) ~[netty-codec-4.1.128.Final.jar:4.1.128.Final]
		at io.netty.handler.codec.ByteToMessageDecoder.channelInactive(ByteToMessageDecoder.java:377) ~[netty-codec-4.1.128.Final.jar:4.1.128.Final]
		at io.netty.handler.codec.http.HttpClientCodec$Decoder.channelInactive(HttpClientCodec.java:410) ~[netty-codec-http-4.1.128.Final.jar:4.1.128.Final]
		at io.netty.channel.CombinedChannelDuplexHandler.channelInactive(CombinedChannelDuplexHandler.java:221) ~[netty-transport-4.1.128.Final.jar:4.1.128.Final]
		at io.netty.channel.AbstractChannelHandlerContext.invokeChannelInactive(AbstractChannelHandlerContext.java:303) ~[netty-transport-4.1.128.Final.jar:4.1.128.Final]
		at io.netty.channel.AbstractChannelHandlerContext.invokeChannelInactive(AbstractChannelHandlerContext.java:281) ~[netty-transport-4.1.128.Final.jar:4.1.128.Final]
		at io.netty.channel.AbstractChannelHandlerContext.fireChannelInactive(AbstractChannelHandlerContext.java:274) ~[netty-transport-4.1.128.Final.jar:4.1.128.Final]
		at io.netty.channel.DefaultChannelPipeline$HeadContext.channelInactive(DefaultChannelPipeline.java:1352) ~[netty-transport-4.1.128.Final.jar:4.1.128.Final]
		at io.netty.channel.AbstractChannelHandlerContext.invokeChannelInactive(AbstractChannelHandlerContext.java:301) ~[netty-transport-4.1.128.Final.jar:4.1.128.Final]
		at io.netty.channel.AbstractChannelHandlerContext.invokeChannelInactive(AbstractChannelHandlerContext.java:281) ~[netty-transport-4.1.128.Final.jar:4.1.128.Final]
		at io.netty.channel.DefaultChannelPipeline.fireChannelInactive(DefaultChannelPipeline.java:850) ~[netty-transport-4.1.128.Final.jar:4.1.128.Final]
		at io.netty.channel.AbstractChannel$AbstractUnsafe$7.run(AbstractChannel.java:811) ~[netty-transport-4.1.128.Final.jar:4.1.128.Final]
		at io.netty.util.concurrent.AbstractEventExecutor.runTask(AbstractEventExecutor.java:173) ~[netty-common-4.1.128.Final.jar:4.1.128.Final]
		at io.netty.util.concurrent.AbstractEventExecutor.safeExecute(AbstractEventExecutor.java:166) ~[netty-common-4.1.128.Final.jar:4.1.128.Final]
		at io.netty.util.concurrent.SingleThreadEventExecutor.runAllTasks(SingleThreadEventExecutor.java:472) ~[netty-common-4.1.128.Final.jar:4.1.128.Final]
		at io.netty.channel.nio.NioEventLoop.run(NioEventLoop.java:566) ~[netty-transport-4.1.128.Final.jar:4.1.128.Final]
		at io.netty.util.concurrent.SingleThreadEventExecutor$4.run(SingleThreadEventExecutor.java:998) ~[netty-common-4.1.128.Final.jar:4.1.128.Final]
		at io.netty.util.internal.ThreadExecutorMap$2.run(ThreadExecutorMap.java:74) ~[netty-common-4.1.128.Final.jar:4.1.128.Final]
		at io.netty.util.concurrent.FastThreadLocalRunnable.run(FastThreadLocalRunnable.java:30) ~[netty-common-4.1.128.Final.jar:4.1.128.Final]
		at java.base/java.lang.Thread.run(Thread.java:1575) ~[na:na]
Caused by: reactor.netty.http.client.PrematureCloseException: Connection prematurely closed BEFORE response

2026-06-19T10:47:46.781+07:00  WARN 18888 --- [API_Server] [reactor-http-nio-2] r.netty.http.client.HttpClientConnect    : [ee53f958-44, L:/127.0.0.1:58901 ! R:localhost/127.0.0.1:8080] The connection observed an error

reactor.netty.http.client.PrematureCloseException: Connection prematurely closed BEFORE response

2026-06-19T10:47:47.362+07:00  INFO 18888 --- [API_Server] [Thread-24] o.s.c.support.DefaultLifecycleProcessor  : Shutdown phase 2147482623 ends with 1 bean still running after timeout of 30000ms: [webServerGracefulShutdown]
2026-06-19T10:47:47.365+07:00  INFO 18888 --- [API_Server] [Thread-24] o.s.m.s.b.SimpleBrokerMessageHandler     : Stopping...
2026-06-19T10:47:47.365+07:00  INFO 18888 --- [API_Server] [Thread-24] o.s.m.s.b.SimpleBrokerMessageHandler     : BrokerAvailabilityEvent[available=false, SimpleBrokerMessageHandler [org.springframework.messaging.simp.broker.DefaultSubscriptionRegistry@71ba5c63]]
2026-06-19T10:47:47.366+07:00  INFO 18888 --- [API_Server] [Thread-24] o.s.m.s.b.SimpleBrokerMessageHandler     : Stopped.
2026-06-19T10:47:47.374+07:00  INFO 18888 --- [API_Server] [tomcat-shutdown] o.s.b.w.e.tomcat.GracefulShutdown        : Graceful shutdown aborted with one or more requests still active
2026-06-19T10:47:47.391+07:00  INFO 18888 --- [API_Server] [Thread-24] com.zaxxer.hikari.HikariDataSource       : HikariPool-2 - Shutdown initiated...
2026-06-19T10:47:47.394+07:00  INFO 18888 --- [API_Server] [Thread-24] com.zaxxer.hikari.HikariDataSource       : HikariPool-2 - Shutdown completed.
2026-06-19T10:47:47.395+07:00  INFO 18888 --- [API_Server] [Thread-24] j.LocalContainerEntityManagerFactoryBean : Closing JPA EntityManagerFactory for persistence unit 'default'
2026-06-19T10:47:47.397+07:00  INFO 18888 --- [API_Server] [Thread-24] com.zaxxer.hikari.HikariDataSource       : HikariPool-1 - Shutdown initiated...
2026-06-19T10:47:47.399+07:00  INFO 18888 --- [API_Server] [Thread-24] com.zaxxer.hikari.HikariDataSource       : HikariPool-1 - Shutdown completed.
2026-06-19T10:48:01.064+07:00  INFO 19320 --- [API_Server] [restartedMain] c.e.apiServer.ApiServerApplication       : Starting ApiServerApplication using Java 23.0.2 with PID 19320 (C:\project\PhuThanh_SpringBoot\API_Server\target\classes started by HDCP in C:\project\PhuThanh_SpringBoot\API_Server)
2026-06-19T10:48:01.065+07:00  INFO 19320 --- [API_Server] [restartedMain] c.e.apiServer.ApiServerApplication       : No active profile set, falling back to 1 default profile: "default"
2026-06-19T10:48:01.101+07:00  INFO 19320 --- [API_Server] [restartedMain] .e.DevToolsPropertyDefaultsPostProcessor : Devtools property defaults active! Set 'spring.devtools.add-properties' to 'false' to disable
2026-06-19T10:48:01.101+07:00  INFO 19320 --- [API_Server] [restartedMain] .e.DevToolsPropertyDefaultsPostProcessor : For additional web related logging consider setting the 'logging.level.web' property to 'DEBUG'
2026-06-19T10:48:01.829+07:00  INFO 19320 --- [API_Server] [restartedMain] .s.d.r.c.RepositoryConfigurationDelegate : Bootstrapping Spring Data JPA repositories in DEFAULT mode.
2026-06-19T10:48:01.925+07:00  INFO 19320 --- [API_Server] [restartedMain] .s.d.r.c.RepositoryConfigurationDelegate : Finished Spring Data repository scanning in 90 ms. Found 2 JPA repository interfaces.
2026-06-19T10:48:02.384+07:00  INFO 19320 --- [API_Server] [restartedMain] o.s.b.w.embedded.tomcat.TomcatWebServer  : Tomcat initialized with port 8080 (http)
2026-06-19T10:48:02.394+07:00  INFO 19320 --- [API_Server] [restartedMain] o.apache.catalina.core.StandardService   : Starting service [Tomcat]
2026-06-19T10:48:02.395+07:00  INFO 19320 --- [API_Server] [restartedMain] o.apache.catalina.core.StandardEngine    : Starting Servlet engine: [Apache Tomcat/10.1.48]
2026-06-19T10:48:02.431+07:00  INFO 19320 --- [API_Server] [restartedMain] o.a.c.c.C.[Tomcat].[localhost].[/]       : Initializing Spring embedded WebApplicationContext
2026-06-19T10:48:02.432+07:00  INFO 19320 --- [API_Server] [restartedMain] w.s.c.ServletWebServerApplicationContext : Root WebApplicationContext: initialization completed in 1330 ms
2026-06-19T10:48:02.594+07:00  INFO 19320 --- [API_Server] [restartedMain] o.hibernate.jpa.internal.util.LogHelper  : HHH000204: Processing PersistenceUnitInfo [name: default]
2026-06-19T10:48:02.630+07:00  INFO 19320 --- [API_Server] [restartedMain] org.hibernate.Version                    : HHH000412: Hibernate ORM core version 6.6.33.Final
2026-06-19T10:48:02.649+07:00  INFO 19320 --- [API_Server] [restartedMain] o.h.c.internal.RegionFactoryInitiator    : HHH000026: Second-level cache disabled
2026-06-19T10:48:02.805+07:00  INFO 19320 --- [API_Server] [restartedMain] o.s.o.j.p.SpringPersistenceUnitInfo      : No LoadTimeWeaver setup: ignoring JPA class transformer
2026-06-19T10:48:02.825+07:00  INFO 19320 --- [API_Server] [restartedMain] com.zaxxer.hikari.HikariDataSource       : HikariPool-1 - Starting...
2026-06-19T10:48:03.029+07:00  INFO 19320 --- [API_Server] [restartedMain] com.zaxxer.hikari.pool.HikariPool        : HikariPool-1 - Added connection ConnectionID:1 ClientConnectionId: ee9c380f-e9b0-40ae-b35b-cb97e2577fbc
2026-06-19T10:48:03.030+07:00  INFO 19320 --- [API_Server] [restartedMain] com.zaxxer.hikari.HikariDataSource       : HikariPool-1 - Start completed.
2026-06-19T10:48:03.108+07:00  WARN 19320 --- [API_Server] [restartedMain] org.hibernate.orm.deprecation            : HHH90000025: SQLServerDialect does not need to be specified explicitly using 'hibernate.dialect' (remove the property setting and it will be selected by default)
2026-06-19T10:48:03.127+07:00  INFO 19320 --- [API_Server] [restartedMain] org.hibernate.orm.connections.pooling    : HHH10001005: Database info:
	Database JDBC URL [Connecting through datasource 'HikariDataSource (HikariPool-1)']
	Database driver: undefined/unknown
	Database version: 16.0
	Autocommit mode: undefined/unknown
	Isolation level: undefined/unknown
	Minimum pool size: undefined/unknown
	Maximum pool size: undefined/unknown
2026-06-19T10:48:03.680+07:00  INFO 19320 --- [API_Server] [restartedMain] o.h.e.t.j.p.i.JtaPlatformInitiator       : HHH000489: No JTA platform available (set 'hibernate.transaction.jta.platform' to enable JTA platform integration)
2026-06-19T10:48:04.148+07:00  INFO 19320 --- [API_Server] [restartedMain] j.LocalContainerEntityManagerFactoryBean : Initialized JPA EntityManagerFactory for persistence unit 'default'
2026-06-19T10:48:04.573+07:00  INFO 19320 --- [API_Server] [restartedMain] o.s.d.j.r.query.QueryEnhancerFactory     : Hibernate is in classpath; If applicable, HQL parser will be used.
2026-06-19T10:48:05.011+07:00  WARN 19320 --- [API_Server] [restartedMain] JpaBaseConfiguration$JpaWebConfiguration : spring.jpa.open-in-view is enabled by default. Therefore, database queries may be performed during view rendering. Explicitly configure spring.jpa.open-in-view to disable this warning
2026-06-19T10:48:05.088+07:00  WARN 19320 --- [API_Server] [restartedMain] .s.s.UserDetailsServiceAutoConfiguration : 

Using generated security password: 0b3fb6d9-2256-48f7-b7d2-f6d10374d3df

This generated password is for development use only. Your security configuration must be updated before running your application in production.

2026-06-19T10:48:05.094+07:00  INFO 19320 --- [API_Server] [restartedMain] r$InitializeUserDetailsManagerConfigurer : Global AuthenticationManager configured with UserDetailsService bean with name inMemoryUserDetailsManager
2026-06-19T10:48:05.308+07:00  INFO 19320 --- [API_Server] [restartedMain] o.s.b.a.e.web.EndpointLinksResolver      : Exposing 4 endpoints beneath base path '/actuator'
2026-06-19T10:48:05.936+07:00  INFO 19320 --- [API_Server] [restartedMain] o.s.b.d.a.OptionalLiveReloadServer       : LiveReload server is running on port 35729
2026-06-19T10:48:05.986+07:00  INFO 19320 --- [API_Server] [restartedMain] o.s.m.s.b.SimpleBrokerMessageHandler     : Starting...
2026-06-19T10:48:05.987+07:00  INFO 19320 --- [API_Server] [restartedMain] o.s.m.s.b.SimpleBrokerMessageHandler     : BrokerAvailabilityEvent[available=true, SimpleBrokerMessageHandler [org.springframework.messaging.simp.broker.DefaultSubscriptionRegistry@559dbafb]]
2026-06-19T10:48:05.988+07:00  INFO 19320 --- [API_Server] [restartedMain] o.s.m.s.b.SimpleBrokerMessageHandler     : Started.
2026-06-19T10:48:05.995+07:00  INFO 19320 --- [API_Server] [restartedMain] o.s.b.w.embedded.tomcat.TomcatWebServer  : Tomcat started on port 8080 (http) with context path '/'
2026-06-19T10:48:06.005+07:00  INFO 19320 --- [API_Server] [restartedMain] c.e.apiServer.ApiServerApplication       : Started ApiServerApplication in 5.264 seconds (process running for 5.562)
2026-06-19T10:48:07.128+07:00  INFO 19320 --- [API_Server] [http-nio-8080-exec-1] o.a.c.c.C.[Tomcat].[localhost].[/]       : Initializing Spring DispatcherServlet 'dispatcherServlet'
2026-06-19T10:48:07.129+07:00  INFO 19320 --- [API_Server] [http-nio-8080-exec-1] o.s.web.servlet.DispatcherServlet        : Initializing Servlet 'dispatcherServlet'
2026-06-19T10:48:07.130+07:00  INFO 19320 --- [API_Server] [http-nio-8080-exec-1] o.s.web.servlet.DispatcherServlet        : Completed initialization in 1 ms
2026-06-19T10:48:07.278+07:00  INFO 19320 --- [API_Server] [registrationTask1] d.c.b.a.c.r.ApplicationRegistrator       : Application registered itself as aead94140931
2026-06-19T10:48:07.291+07:00  INFO 19320 --- [API_Server] [http-nio-8080-exec-2] com.zaxxer.hikari.HikariDataSource       : HikariPool-2 - Starting...
2026-06-19T10:48:07.303+07:00  INFO 19320 --- [API_Server] [http-nio-8080-exec-2] com.zaxxer.hikari.pool.HikariPool        : HikariPool-2 - Added connection ConnectionID:11 ClientConnectionId: 01c1cd49-fe11-47a6-a2fe-aae6b18e9d26
2026-06-19T10:48:07.304+07:00  INFO 19320 --- [API_Server] [http-nio-8080-exec-2] com.zaxxer.hikari.HikariDataSource       : HikariPool-2 - Start completed.
2026-06-19T10:48:09.556+07:00  INFO 19320 --- [API_Server] [http-nio-8080-exec-5] o.apache.tomcat.util.http.parser.Cookie  : A cookie header was received [g_state={"i_l":0,"i_ll":1777998294174,"i_b":"ZNR3uNv0fH+FE1dDIKzu8KprRRhn/dgsVv87jMlm2ZA","i_e":{"enable_itp_optimization":0},"i_et":1777997229580};] that contained an invalid cookie. That cookie will be ignored.
 Note: further occurrences of this error will be logged at DEBUG level.
2026-06-19T10:48:09.927+07:00  WARN 19320 --- [API_Server] [parallel-7] s.w.s.m.m.a.RequestMappingHandlerAdapter : !!!
Performing asynchronous handling through the default Spring MVC SimpleAsyncTaskExecutor.
This executor is not suitable for production use under load.
Please, configure an AsyncTaskExecutor through the WebMvc config.
-------------------------------
!!!
2026-06-19T10:48:12.695+07:00  WARN 19320 --- [API_Server] [http-nio-8080-exec-10] .m.m.a.ExceptionHandlerExceptionResolver : Resolved [org.springframework.web.servlet.resource.NoResourceFoundException: No static resource .]
2026-06-19T10:48:20.155+07:00  WARN 19320 --- [API_Server] [http-nio-8080-exec-7] .m.m.a.ExceptionHandlerExceptionResolver : Resolved [org.springframework.web.servlet.resource.NoResourceFoundException: No static resource applications.]
2026-06-19T10:49:05.972+07:00  INFO 19320 --- [API_Server] [MessageBroker-1] o.s.w.s.c.WebSocketMessageBrokerStats    : WebSocketSession[0 current WS(0)-HttpStream(0)-HttpPoll(0), 0 total, 0 closed abnormally (0 connect failure, 0 send limit, 0 transport error)], stompSubProtocol[processed CONNECT(0)-CONNECTED(0)-DISCONNECT(0)], stompBrokerRelay[null], inboundChannel[pool size = 0, active threads = 0, queued tasks = 0, completed tasks = 0], outboundChannel[pool size = 0, active threads = 0, queued tasks = 0, completed tasks = 0], sockJsScheduler[pool size = 1, active threads = 1, queued tasks = 0, completed tasks = 0]
2026-06-19T10:52:23.131+07:00  INFO 19320 --- [API_Server] [SpringApplicationShutdownHook] o.s.b.w.e.tomcat.GracefulShutdown        : Commencing graceful shutdown. Waiting for active requests to complete
2026-06-19T10:52:23.686+07:00  INFO 19320 --- [API_Server] [File Watcher] rtingClassPathChangeChangedEventListener : Restarting due to 1 class path change (0 additions, 0 deletions, 1 modification)
2026-06-19T10:52:25.799+07:00  WARN 19320 --- [API_Server] [reactor-http-nio-4] r.netty.http.client.HttpClientConnect    : [42d41b21-2, L:/127.0.0.1:59107 ! R:localhost/127.0.0.1:8080] The connection observed an error

reactor.netty.http.client.PrematureCloseException: Connection prematurely closed BEFORE response

2026-06-19T10:52:25.805+07:00  INFO 19320 --- [API_Server] [reactor-http-nio-4] d.c.b.a.server.services.StatusUpdater    : Couldn't retrieve status for Instance(id=aead94140931, version=2, registration=Registration(name=API_Server, managementUrl=http://DESKTOP-4DLUCN9:8080/actuator, healthUrl=http://DESKTOP-4DLUCN9:8080/actuator/health, serviceUrl=http://DESKTOP-4DLUCN9:8080/, source=http-api), registered=true, statusInfo=StatusInfo(status=UP, details={ssl={status=UP, details={validChains=[], invalidChains=[]}}, db={status=UP, components={dataSource={status=UP, details={database=Microsoft SQL Server, validationQuery=isValid()}}, fastDataSource={status=UP, details={database=Microsoft SQL Server, validationQuery=isValid()}}}}, diskSpace={status=UP, details={total=447571279872, free=243338727424, threshold=10485760, path=C:\project\PhuThanh_SpringBoot\API_Server\., exists=true}}, ping={status=UP}}), statusTimestamp=2026-06-19T03:48:07.348503200Z, info=Info(values={}), endpoints=Endpoints(endpoints={logfile=Endpoint(id=logfile, url=http://DESKTOP-4DLUCN9:8080/actuator/logfile), health=Endpoint(id=health, url=http://DESKTOP-4DLUCN9:8080/actuator/health), shutdown=Endpoint(id=shutdown, url=http://DESKTOP-4DLUCN9:8080/actuator/shutdown), info=Endpoint(id=info, url=http://DESKTOP-4DLUCN9:8080/actuator/info)}), buildVersion=null, tags=Tags(values={}))

org.springframework.web.reactive.function.client.WebClientRequestException: Connection prematurely closed BEFORE response
	at org.springframework.web.reactive.function.client.ExchangeFunctions$DefaultExchangeFunction.lambda$wrapException$9(ExchangeFunctions.java:137) ~[spring-webflux-6.2.12.jar:6.2.12]
	Suppressed: reactor.core.publisher.FluxOnAssembly$OnAssemblyException: 
Error has been observed at the following site(s):
	*__checkpoint ⇢ Request to GET health [DefaultWebClient]
Original Stack Trace:
		at org.springframework.web.reactive.function.client.ExchangeFunctions$DefaultExchangeFunction.lambda$wrapException$9(ExchangeFunctions.java:137) ~[spring-webflux-6.2.12.jar:6.2.12]
		at reactor.core.publisher.MonoErrorSupplied.subscribe(MonoErrorSupplied.java:55) ~[reactor-core-3.7.12.jar:3.7.12]
		at reactor.core.publisher.Mono.subscribe(Mono.java:4576) ~[reactor-core-3.7.12.jar:3.7.12]
		at reactor.core.publisher.FluxOnErrorResume$ResumeSubscriber.onError(FluxOnErrorResume.java:103) ~[reactor-core-3.7.12.jar:3.7.12]
		at reactor.core.publisher.FluxPeek$PeekSubscriber.onError(FluxPeek.java:222) ~[reactor-core-3.7.12.jar:3.7.12]
		at reactor.core.publisher.FluxPeek$PeekSubscriber.onError(FluxPeek.java:222) ~[reactor-core-3.7.12.jar:3.7.12]
		at reactor.core.publisher.FluxPeek$PeekSubscriber.onError(FluxPeek.java:222) ~[reactor-core-3.7.12.jar:3.7.12]
		at reactor.core.publisher.MonoNext$NextSubscriber.onError(MonoNext.java:93) ~[reactor-core-3.7.12.jar:3.7.12]
		at reactor.core.publisher.MonoFlatMapMany$FlatMapManyMain.onError(MonoFlatMapMany.java:205) ~[reactor-core-3.7.12.jar:3.7.12]
		at reactor.core.publisher.SerializedSubscriber.onError(SerializedSubscriber.java:124) ~[reactor-core-3.7.12.jar:3.7.12]
		at reactor.core.publisher.FluxRetryWhen$RetryWhenMainSubscriber.whenError(FluxRetryWhen.java:229) ~[reactor-core-3.7.12.jar:3.7.12]
		at reactor.core.publisher.FluxRetryWhen$RetryWhenOtherSubscriber.onError(FluxRetryWhen.java:279) ~[reactor-core-3.7.12.jar:3.7.12]
		at reactor.core.publisher.FluxContextWrite$ContextWriteSubscriber.onError(FluxContextWrite.java:121) ~[reactor-core-3.7.12.jar:3.7.12]
		at reactor.core.publisher.FluxConcatMapNoPrefetch$FluxConcatMapNoPrefetchSubscriber.maybeOnError(FluxConcatMapNoPrefetch.java:327) ~[reactor-core-3.7.12.jar:3.7.12]
		at reactor.core.publisher.FluxConcatMapNoPrefetch$FluxConcatMapNoPrefetchSubscriber.onNext(FluxConcatMapNoPrefetch.java:212) ~[reactor-core-3.7.12.jar:3.7.12]
		at reactor.core.publisher.FluxContextWrite$ContextWriteSubscriber.onNext(FluxContextWrite.java:107) ~[reactor-core-3.7.12.jar:3.7.12]
		at reactor.core.publisher.SinkManyEmitterProcessor.drain(SinkManyEmitterProcessor.java:476) ~[reactor-core-3.7.12.jar:3.7.12]
		at reactor.core.publisher.SinkManyEmitterProcessor$EmitterInner.drainParent(SinkManyEmitterProcessor.java:620) ~[reactor-core-3.7.12.jar:3.7.12]
		at reactor.core.publisher.FluxPublish$PubSubInner.request(FluxPublish.java:874) ~[reactor-core-3.7.12.jar:3.7.12]
		at reactor.core.publisher.FluxContextWrite$ContextWriteSubscriber.request(FluxContextWrite.java:136) ~[reactor-core-3.7.12.jar:3.7.12]
		at reactor.core.publisher.FluxConcatMapNoPrefetch$FluxConcatMapNoPrefetchSubscriber.request(FluxConcatMapNoPrefetch.java:337) ~[reactor-core-3.7.12.jar:3.7.12]
		at reactor.core.publisher.FluxContextWrite$ContextWriteSubscriber.request(FluxContextWrite.java:136) ~[reactor-core-3.7.12.jar:3.7.12]
		at reactor.core.publisher.Operators$DeferredSubscription.request(Operators.java:1742) ~[reactor-core-3.7.12.jar:3.7.12]
		at reactor.core.publisher.FluxRetryWhen$RetryWhenMainSubscriber.onError(FluxRetryWhen.java:196) ~[reactor-core-3.7.12.jar:3.7.12]
		at reactor.core.publisher.MonoCreate$DefaultMonoSink.error(MonoCreate.java:205) ~[reactor-core-3.7.12.jar:3.7.12]
		at reactor.netty.http.client.HttpClientConnect$HttpObserver.onUncaughtException(HttpClientConnect.java:425) ~[reactor-netty-http-1.2.11.jar:1.2.11]
		at reactor.netty.ReactorNetty$CompositeConnectionObserver.onUncaughtException(ReactorNetty.java:715) ~[reactor-netty-core-1.2.11.jar:1.2.11]
		at reactor.netty.resources.DefaultPooledConnectionProvider$DisposableAcquire.onUncaughtException(DefaultPooledConnectionProvider.java:225) ~[reactor-netty-core-1.2.11.jar:1.2.11]
		at reactor.netty.resources.DefaultPooledConnectionProvider$PooledConnection.onUncaughtException(DefaultPooledConnectionProvider.java:478) ~[reactor-netty-core-1.2.11.jar:1.2.11]
		at reactor.netty.http.client.HttpClientOperations.onInboundClose(HttpClientOperations.java:392) ~[reactor-netty-http-1.2.11.jar:1.2.11]
		at reactor.netty.channel.ChannelOperationsHandler.channelInactive(ChannelOperationsHandler.java:73) ~[reactor-netty-core-1.2.11.jar:1.2.11]
		at io.netty.channel.AbstractChannelHandlerContext.invokeChannelInactive(AbstractChannelHandlerContext.java:303) ~[netty-transport-4.1.128.Final.jar:4.1.128.Final]
		at io.netty.channel.AbstractChannelHandlerContext.invokeChannelInactive(AbstractChannelHandlerContext.java:281) ~[netty-transport-4.1.128.Final.jar:4.1.128.Final]
		at io.netty.channel.AbstractChannelHandlerContext.fireChannelInactive(AbstractChannelHandlerContext.java:274) ~[netty-transport-4.1.128.Final.jar:4.1.128.Final]
		at io.netty.channel.ChannelInboundHandlerAdapter.channelInactive(ChannelInboundHandlerAdapter.java:81) ~[netty-transport-4.1.128.Final.jar:4.1.128.Final]
		at io.netty.handler.codec.http.HttpContentDecoder.channelInactive(HttpContentDecoder.java:237) ~[netty-codec-http-4.1.128.Final.jar:4.1.128.Final]
		at io.netty.channel.AbstractChannelHandlerContext.invokeChannelInactive(AbstractChannelHandlerContext.java:303) ~[netty-transport-4.1.128.Final.jar:4.1.128.Final]
		at io.netty.channel.AbstractChannelHandlerContext.invokeChannelInactive(AbstractChannelHandlerContext.java:281) ~[netty-transport-4.1.128.Final.jar:4.1.128.Final]
		at io.netty.channel.AbstractChannelHandlerContext.fireChannelInactive(AbstractChannelHandlerContext.java:274) ~[netty-transport-4.1.128.Final.jar:4.1.128.Final]
		at io.netty.channel.CombinedChannelDuplexHandler$DelegatingChannelHandlerContext.fireChannelInactive(CombinedChannelDuplexHandler.java:418) ~[netty-transport-4.1.128.Final.jar:4.1.128.Final]
		at io.netty.handler.codec.ByteToMessageDecoder.channelInputClosed(ByteToMessageDecoder.java:412) ~[netty-codec-4.1.128.Final.jar:4.1.128.Final]
		at io.netty.handler.codec.ByteToMessageDecoder.channelInactive(ByteToMessageDecoder.java:377) ~[netty-codec-4.1.128.Final.jar:4.1.128.Final]
		at io.netty.handler.codec.http.HttpClientCodec$Decoder.channelInactive(HttpClientCodec.java:410) ~[netty-codec-http-4.1.128.Final.jar:4.1.128.Final]
		at io.netty.channel.CombinedChannelDuplexHandler.channelInactive(CombinedChannelDuplexHandler.java:221) ~[netty-transport-4.1.128.Final.jar:4.1.128.Final]
		at io.netty.channel.AbstractChannelHandlerContext.invokeChannelInactive(AbstractChannelHandlerContext.java:303) ~[netty-transport-4.1.128.Final.jar:4.1.128.Final]
		at io.netty.channel.AbstractChannelHandlerContext.invokeChannelInactive(AbstractChannelHandlerContext.java:281) ~[netty-transport-4.1.128.Final.jar:4.1.128.Final]
		at io.netty.channel.AbstractChannelHandlerContext.fireChannelInactive(AbstractChannelHandlerContext.java:274) ~[netty-transport-4.1.128.Final.jar:4.1.128.Final]
		at io.netty.channel.DefaultChannelPipeline$HeadContext.channelInactive(DefaultChannelPipeline.java:1352) ~[netty-transport-4.1.128.Final.jar:4.1.128.Final]
		at io.netty.channel.AbstractChannelHandlerContext.invokeChannelInactive(AbstractChannelHandlerContext.java:301) ~[netty-transport-4.1.128.Final.jar:4.1.128.Final]
		at io.netty.channel.AbstractChannelHandlerContext.invokeChannelInactive(AbstractChannelHandlerContext.java:281) ~[netty-transport-4.1.128.Final.jar:4.1.128.Final]
		at io.netty.channel.DefaultChannelPipeline.fireChannelInactive(DefaultChannelPipeline.java:850) ~[netty-transport-4.1.128.Final.jar:4.1.128.Final]
		at io.netty.channel.AbstractChannel$AbstractUnsafe$7.run(AbstractChannel.java:811) ~[netty-transport-4.1.128.Final.jar:4.1.128.Final]
		at io.netty.util.concurrent.AbstractEventExecutor.runTask(AbstractEventExecutor.java:173) ~[netty-common-4.1.128.Final.jar:4.1.128.Final]
		at io.netty.util.concurrent.AbstractEventExecutor.safeExecute(AbstractEventExecutor.java:166) ~[netty-common-4.1.128.Final.jar:4.1.128.Final]
		at io.netty.util.concurrent.SingleThreadEventExecutor.runAllTasks(SingleThreadEventExecutor.java:472) ~[netty-common-4.1.128.Final.jar:4.1.128.Final]
		at io.netty.channel.nio.NioEventLoop.run(NioEventLoop.java:566) ~[netty-transport-4.1.128.Final.jar:4.1.128.Final]
		at io.netty.util.concurrent.SingleThreadEventExecutor$4.run(SingleThreadEventExecutor.java:998) ~[netty-common-4.1.128.Final.jar:4.1.128.Final]
		at io.netty.util.internal.ThreadExecutorMap$2.run(ThreadExecutorMap.java:74) ~[netty-common-4.1.128.Final.jar:4.1.128.Final]
		at io.netty.util.concurrent.FastThreadLocalRunnable.run(FastThreadLocalRunnable.java:30) ~[netty-common-4.1.128.Final.jar:4.1.128.Final]
		at java.base/java.lang.Thread.run(Thread.java:1575) ~[na:na]
Caused by: reactor.netty.http.client.PrematureCloseException: Connection prematurely closed BEFORE response

2026-06-19T10:52:28.803+07:00  INFO 21956 --- [API_Server] [restartedMain] c.e.apiServer.ApiServerApplication       : Starting ApiServerApplication using Java 23.0.2 with PID 21956 (C:\project\PhuThanh_SpringBoot\API_Server\target\classes started by HDCP in C:\project\PhuThanh_SpringBoot\API_Server)
2026-06-19T10:52:28.805+07:00  INFO 21956 --- [API_Server] [restartedMain] c.e.apiServer.ApiServerApplication       : No active profile set, falling back to 1 default profile: "default"
2026-06-19T10:52:28.836+07:00  INFO 21956 --- [API_Server] [restartedMain] .e.DevToolsPropertyDefaultsPostProcessor : Devtools property defaults active! Set 'spring.devtools.add-properties' to 'false' to disable
2026-06-19T10:52:28.837+07:00  INFO 21956 --- [API_Server] [restartedMain] .e.DevToolsPropertyDefaultsPostProcessor : For additional web related logging consider setting the 'logging.level.web' property to 'DEBUG'
2026-06-19T10:52:29.729+07:00  INFO 21956 --- [API_Server] [restartedMain] .s.d.r.c.RepositoryConfigurationDelegate : Bootstrapping Spring Data JPA repositories in DEFAULT mode.
2026-06-19T10:52:29.846+07:00  INFO 21956 --- [API_Server] [restartedMain] .s.d.r.c.RepositoryConfigurationDelegate : Finished Spring Data repository scanning in 107 ms. Found 2 JPA repository interfaces.
2026-06-19T10:52:30.498+07:00  INFO 21956 --- [API_Server] [restartedMain] o.s.b.w.embedded.tomcat.TomcatWebServer  : Tomcat initialized with port 8080 (http)
2026-06-19T10:52:30.511+07:00  INFO 21956 --- [API_Server] [restartedMain] o.apache.catalina.core.StandardService   : Starting service [Tomcat]
2026-06-19T10:52:30.512+07:00  INFO 21956 --- [API_Server] [restartedMain] o.apache.catalina.core.StandardEngine    : Starting Servlet engine: [Apache Tomcat/10.1.48]
2026-06-19T10:52:30.557+07:00  INFO 21956 --- [API_Server] [restartedMain] o.a.c.c.C.[Tomcat].[localhost].[/]       : Initializing Spring embedded WebApplicationContext
2026-06-19T10:52:30.557+07:00  INFO 21956 --- [API_Server] [restartedMain] w.s.c.ServletWebServerApplicationContext : Root WebApplicationContext: initialization completed in 1719 ms
2026-06-19T10:52:30.780+07:00  INFO 21956 --- [API_Server] [restartedMain] o.hibernate.jpa.internal.util.LogHelper  : HHH000204: Processing PersistenceUnitInfo [name: default]
2026-06-19T10:52:30.818+07:00  INFO 21956 --- [API_Server] [restartedMain] org.hibernate.Version                    : HHH000412: Hibernate ORM core version 6.6.33.Final
2026-06-19T10:52:30.841+07:00  INFO 21956 --- [API_Server] [restartedMain] o.h.c.internal.RegionFactoryInitiator    : HHH000026: Second-level cache disabled
2026-06-19T10:52:31.040+07:00  INFO 21956 --- [API_Server] [restartedMain] o.s.o.j.p.SpringPersistenceUnitInfo      : No LoadTimeWeaver setup: ignoring JPA class transformer
2026-06-19T10:52:31.065+07:00  INFO 21956 --- [API_Server] [restartedMain] com.zaxxer.hikari.HikariDataSource       : HikariPool-1 - Starting...
2026-06-19T10:52:31.307+07:00  INFO 21956 --- [API_Server] [restartedMain] com.zaxxer.hikari.pool.HikariPool        : HikariPool-1 - Added connection ConnectionID:1 ClientConnectionId: d096bc07-7cd6-411e-9b7e-b2c827654799
2026-06-19T10:52:31.309+07:00  INFO 21956 --- [API_Server] [restartedMain] com.zaxxer.hikari.HikariDataSource       : HikariPool-1 - Start completed.
2026-06-19T10:52:31.404+07:00  WARN 21956 --- [API_Server] [restartedMain] org.hibernate.orm.deprecation            : HHH90000025: SQLServerDialect does not need to be specified explicitly using 'hibernate.dialect' (remove the property setting and it will be selected by default)
2026-06-19T10:52:31.430+07:00  INFO 21956 --- [API_Server] [restartedMain] org.hibernate.orm.connections.pooling    : HHH10001005: Database info:
	Database JDBC URL [Connecting through datasource 'HikariDataSource (HikariPool-1)']
	Database driver: undefined/unknown
	Database version: 16.0
	Autocommit mode: undefined/unknown
	Isolation level: undefined/unknown
	Minimum pool size: undefined/unknown
	Maximum pool size: undefined/unknown
2026-06-19T10:52:32.149+07:00  INFO 21956 --- [API_Server] [restartedMain] o.h.e.t.j.p.i.JtaPlatformInitiator       : HHH000489: No JTA platform available (set 'hibernate.transaction.jta.platform' to enable JTA platform integration)
2026-06-19T10:52:32.669+07:00  INFO 21956 --- [API_Server] [restartedMain] j.LocalContainerEntityManagerFactoryBean : Initialized JPA EntityManagerFactory for persistence unit 'default'
2026-06-19T10:52:33.123+07:00  INFO 21956 --- [API_Server] [restartedMain] o.s.d.j.r.query.QueryEnhancerFactory     : Hibernate is in classpath; If applicable, HQL parser will be used.
2026-06-19T10:52:33.648+07:00  WARN 21956 --- [API_Server] [restartedMain] JpaBaseConfiguration$JpaWebConfiguration : spring.jpa.open-in-view is enabled by default. Therefore, database queries may be performed during view rendering. Explicitly configure spring.jpa.open-in-view to disable this warning
2026-06-19T10:52:33.780+07:00  WARN 21956 --- [API_Server] [restartedMain] .s.s.UserDetailsServiceAutoConfiguration : 

Using generated security password: bef4f4c4-dde7-4a05-8efb-d7a87ad6799e

This generated password is for development use only. Your security configuration must be updated before running your application in production.

2026-06-19T10:52:33.789+07:00  INFO 21956 --- [API_Server] [restartedMain] r$InitializeUserDetailsManagerConfigurer : Global AuthenticationManager configured with UserDetailsService bean with name inMemoryUserDetailsManager
2026-06-19T10:52:34.081+07:00  INFO 21956 --- [API_Server] [restartedMain] o.s.b.a.e.web.EndpointLinksResolver      : Exposing 4 endpoints beneath base path '/actuator'
2026-06-19T10:52:34.768+07:00  INFO 21956 --- [API_Server] [restartedMain] o.s.b.d.a.OptionalLiveReloadServer       : LiveReload server is running on port 35729
2026-06-19T10:52:34.806+07:00  INFO 21956 --- [API_Server] [restartedMain] o.s.m.s.b.SimpleBrokerMessageHandler     : Starting...
2026-06-19T10:52:34.806+07:00  INFO 21956 --- [API_Server] [restartedMain] o.s.m.s.b.SimpleBrokerMessageHandler     : BrokerAvailabilityEvent[available=true, SimpleBrokerMessageHandler [org.springframework.messaging.simp.broker.DefaultSubscriptionRegistry@1399b9e1]]
2026-06-19T10:52:34.807+07:00  INFO 21956 --- [API_Server] [restartedMain] o.s.m.s.b.SimpleBrokerMessageHandler     : Started.
2026-06-19T10:52:34.814+07:00  INFO 21956 --- [API_Server] [restartedMain] o.s.b.w.embedded.tomcat.TomcatWebServer  : Tomcat started on port 8080 (http) with context path '/'
2026-06-19T10:52:34.823+07:00  INFO 21956 --- [API_Server] [restartedMain] c.e.apiServer.ApiServerApplication       : Started ApiServerApplication in 6.278 seconds (process running for 6.68)
2026-06-19T10:52:34.886+07:00  INFO 21956 --- [API_Server] [http-nio-8080-exec-1] o.apache.tomcat.util.http.parser.Cookie  : A cookie header was received [g_state={"i_l":0,"i_ll":1777998294174,"i_b":"ZNR3uNv0fH+FE1dDIKzu8KprRRhn/dgsVv87jMlm2ZA","i_e":{"enable_itp_optimization":0},"i_et":1777997229580};] that contained an invalid cookie. That cookie will be ignored.
 Note: further occurrences of this error will be logged at DEBUG level.
2026-06-19T10:52:34.890+07:00  INFO 21956 --- [API_Server] [http-nio-8080-exec-1] o.a.c.c.C.[Tomcat].[localhost].[/]       : Initializing Spring DispatcherServlet 'dispatcherServlet'
2026-06-19T10:52:34.890+07:00  INFO 21956 --- [API_Server] [http-nio-8080-exec-1] o.s.web.servlet.DispatcherServlet        : Initializing Servlet 'dispatcherServlet'
2026-06-19T10:52:34.892+07:00  INFO 21956 --- [API_Server] [http-nio-8080-exec-1] o.s.web.servlet.DispatcherServlet        : Completed initialization in 2 ms
2026-06-19T10:52:34.991+07:00  WARN 21956 --- [API_Server] [parallel-3] s.w.s.m.m.a.RequestMappingHandlerAdapter : !!!
Performing asynchronous handling through the default Spring MVC SimpleAsyncTaskExecutor.
This executor is not suitable for production use under load.
Please, configure an AsyncTaskExecutor through the WebMvc config.
-------------------------------
!!!
2026-06-19T10:52:36.018+07:00  INFO 21956 --- [API_Server] [registrationTask1] d.c.b.a.c.r.ApplicationRegistrator       : Application registered itself as aead94140931
2026-06-19T10:52:36.069+07:00  INFO 21956 --- [API_Server] [http-nio-8080-exec-4] com.zaxxer.hikari.HikariDataSource       : HikariPool-2 - Starting...
2026-06-19T10:52:36.089+07:00  INFO 21956 --- [API_Server] [http-nio-8080-exec-4] com.zaxxer.hikari.pool.HikariPool        : HikariPool-2 - Added connection ConnectionID:11 ClientConnectionId: 832b07b7-08f9-426e-9389-4c352a8ece30
2026-06-19T10:52:36.090+07:00  INFO 21956 --- [API_Server] [http-nio-8080-exec-4] com.zaxxer.hikari.HikariDataSource       : HikariPool-2 - Start completed.
2026-06-19T10:53:34.801+07:00  INFO 21956 --- [API_Server] [MessageBroker-1] o.s.w.s.c.WebSocketMessageBrokerStats    : WebSocketSession[0 current WS(0)-HttpStream(0)-HttpPoll(0), 0 total, 0 closed abnormally (0 connect failure, 0 send limit, 0 transport error)], stompSubProtocol[processed CONNECT(0)-CONNECTED(0)-DISCONNECT(0)], stompBrokerRelay[null], inboundChannel[pool size = 0, active threads = 0, queued tasks = 0, completed tasks = 0], outboundChannel[pool size = 0, active threads = 0, queued tasks = 0, completed tasks = 0], sockJsScheduler[pool size = 1, active threads = 1, queued tasks = 0, completed tasks = 0]
2026-06-19T10:54:30.355+07:00  INFO 21956 --- [API_Server] [File Watcher] rtingClassPathChangeChangedEventListener : Restarting due to 1 class path change (0 additions, 0 deletions, 1 modification)
2026-06-19T10:54:30.359+07:00  INFO 21956 --- [API_Server] [Thread-22] o.s.b.w.e.tomcat.GracefulShutdown        : Commencing graceful shutdown. Waiting for active requests to complete
2026-06-19T10:54:34.627+07:00  WARN 21956 --- [API_Server] [reactor-http-nio-2] r.netty.http.client.HttpClientConnect    : [100a095d-59, L:/127.0.0.1:59158 ! R:localhost/127.0.0.1:8080] The connection observed an error

reactor.netty.http.client.PrematureCloseException: Connection prematurely closed BEFORE response

2026-06-19T10:54:34.630+07:00  WARN 21956 --- [API_Server] [reactor-http-nio-2] d.c.b.admin.server.services.InfoUpdater  : Couldn't retrieve info for Instance(id=aead94140931, version=2, registration=Registration(name=API_Server, managementUrl=http://DESKTOP-4DLUCN9:8080/actuator, healthUrl=http://DESKTOP-4DLUCN9:8080/actuator/health, serviceUrl=http://DESKTOP-4DLUCN9:8080/, source=http-api), registered=true, statusInfo=StatusInfo(status=UP, details={ssl={status=UP, details={validChains=[], invalidChains=[]}}, db={status=UP, components={dataSource={status=UP, details={database=Microsoft SQL Server, validationQuery=isValid()}}, fastDataSource={status=UP, details={database=Microsoft SQL Server, validationQuery=isValid()}}}}, diskSpace={status=UP, details={total=447571279872, free=243337437184, threshold=10485760, path=C:\project\PhuThanh_SpringBoot\API_Server\., exists=true}}, ping={status=UP}}), statusTimestamp=2026-06-19T03:52:36.149042200Z, info=Info(values={}), endpoints=Endpoints(endpoints={logfile=Endpoint(id=logfile, url=http://DESKTOP-4DLUCN9:8080/actuator/logfile), health=Endpoint(id=health, url=http://DESKTOP-4DLUCN9:8080/actuator/health), shutdown=Endpoint(id=shutdown, url=http://DESKTOP-4DLUCN9:8080/actuator/shutdown), info=Endpoint(id=info, url=http://DESKTOP-4DLUCN9:8080/actuator/info)}), buildVersion=null, tags=Tags(values={}))

org.springframework.web.reactive.function.client.WebClientRequestException: Connection prematurely closed BEFORE response
	at org.springframework.web.reactive.function.client.ExchangeFunctions$DefaultExchangeFunction.lambda$wrapException$9(ExchangeFunctions.java:137) ~[spring-webflux-6.2.12.jar:6.2.12]
	Suppressed: reactor.core.publisher.FluxOnAssembly$OnAssemblyException: 
Error has been observed at the following site(s):
	*__checkpoint ⇢ Request to GET info [DefaultWebClient]
Original Stack Trace:
		at org.springframework.web.reactive.function.client.ExchangeFunctions$DefaultExchangeFunction.lambda$wrapException$9(ExchangeFunctions.java:137) ~[spring-webflux-6.2.12.jar:6.2.12]
		at reactor.core.publisher.MonoErrorSupplied.subscribe(MonoErrorSupplied.java:55) ~[reactor-core-3.7.12.jar:3.7.12]
		at reactor.core.publisher.Mono.subscribe(Mono.java:4576) ~[reactor-core-3.7.12.jar:3.7.12]
		at reactor.core.publisher.FluxOnErrorResume$ResumeSubscriber.onError(FluxOnErrorResume.java:103) ~[reactor-core-3.7.12.jar:3.7.12]
		at reactor.core.publisher.FluxPeek$PeekSubscriber.onError(FluxPeek.java:222) ~[reactor-core-3.7.12.jar:3.7.12]
		at reactor.core.publisher.FluxPeek$PeekSubscriber.onError(FluxPeek.java:222) ~[reactor-core-3.7.12.jar:3.7.12]
		at reactor.core.publisher.FluxPeek$PeekSubscriber.onError(FluxPeek.java:222) ~[reactor-core-3.7.12.jar:3.7.12]
		at reactor.core.publisher.MonoNext$NextSubscriber.onError(MonoNext.java:93) ~[reactor-core-3.7.12.jar:3.7.12]
		at reactor.core.publisher.MonoFlatMapMany$FlatMapManyMain.onError(MonoFlatMapMany.java:205) ~[reactor-core-3.7.12.jar:3.7.12]
		at reactor.core.publisher.SerializedSubscriber.onError(SerializedSubscriber.java:124) ~[reactor-core-3.7.12.jar:3.7.12]
		at reactor.core.publisher.FluxRetryWhen$RetryWhenMainSubscriber.whenError(FluxRetryWhen.java:229) ~[reactor-core-3.7.12.jar:3.7.12]
		at reactor.core.publisher.FluxRetryWhen$RetryWhenOtherSubscriber.onError(FluxRetryWhen.java:279) ~[reactor-core-3.7.12.jar:3.7.12]
		at reactor.core.publisher.FluxContextWrite$ContextWriteSubscriber.onError(FluxContextWrite.java:121) ~[reactor-core-3.7.12.jar:3.7.12]
		at reactor.core.publisher.FluxConcatMapNoPrefetch$FluxConcatMapNoPrefetchSubscriber.maybeOnError(FluxConcatMapNoPrefetch.java:327) ~[reactor-core-3.7.12.jar:3.7.12]
		at reactor.core.publisher.FluxConcatMapNoPrefetch$FluxConcatMapNoPrefetchSubscriber.onNext(FluxConcatMapNoPrefetch.java:212) ~[reactor-core-3.7.12.jar:3.7.12]
		at reactor.core.publisher.FluxContextWrite$ContextWriteSubscriber.onNext(FluxContextWrite.java:107) ~[reactor-core-3.7.12.jar:3.7.12]
		at reactor.core.publisher.SinkManyEmitterProcessor.drain(SinkManyEmitterProcessor.java:476) ~[reactor-core-3.7.12.jar:3.7.12]
		at reactor.core.publisher.SinkManyEmitterProcessor$EmitterInner.drainParent(SinkManyEmitterProcessor.java:620) ~[reactor-core-3.7.12.jar:3.7.12]
		at reactor.core.publisher.FluxPublish$PubSubInner.request(FluxPublish.java:874) ~[reactor-core-3.7.12.jar:3.7.12]
		at reactor.core.publisher.FluxContextWrite$ContextWriteSubscriber.request(FluxContextWrite.java:136) ~[reactor-core-3.7.12.jar:3.7.12]
		at reactor.core.publisher.FluxConcatMapNoPrefetch$FluxConcatMapNoPrefetchSubscriber.request(FluxConcatMapNoPrefetch.java:337) ~[reactor-core-3.7.12.jar:3.7.12]
		at reactor.core.publisher.FluxContextWrite$ContextWriteSubscriber.request(FluxContextWrite.java:136) ~[reactor-core-3.7.12.jar:3.7.12]
		at reactor.core.publisher.Operators$DeferredSubscription.request(Operators.java:1742) ~[reactor-core-3.7.12.jar:3.7.12]
		at reactor.core.publisher.FluxRetryWhen$RetryWhenMainSubscriber.onError(FluxRetryWhen.java:196) ~[reactor-core-3.7.12.jar:3.7.12]
		at reactor.core.publisher.MonoCreate$DefaultMonoSink.error(MonoCreate.java:205) ~[reactor-core-3.7.12.jar:3.7.12]
		at reactor.netty.http.client.HttpClientConnect$HttpObserver.onUncaughtException(HttpClientConnect.java:425) ~[reactor-netty-http-1.2.11.jar:1.2.11]
		at reactor.netty.ReactorNetty$CompositeConnectionObserver.onUncaughtException(ReactorNetty.java:715) ~[reactor-netty-core-1.2.11.jar:1.2.11]
		at reactor.netty.resources.DefaultPooledConnectionProvider$DisposableAcquire.onUncaughtException(DefaultPooledConnectionProvider.java:225) ~[reactor-netty-core-1.2.11.jar:1.2.11]
		at reactor.netty.resources.DefaultPooledConnectionProvider$PooledConnection.onUncaughtException(DefaultPooledConnectionProvider.java:478) ~[reactor-netty-core-1.2.11.jar:1.2.11]
		at reactor.netty.http.client.HttpClientOperations.onInboundClose(HttpClientOperations.java:392) ~[reactor-netty-http-1.2.11.jar:1.2.11]
		at reactor.netty.channel.ChannelOperationsHandler.channelInactive(ChannelOperationsHandler.java:73) ~[reactor-netty-core-1.2.11.jar:1.2.11]
		at io.netty.channel.AbstractChannelHandlerContext.invokeChannelInactive(AbstractChannelHandlerContext.java:303) ~[netty-transport-4.1.128.Final.jar:4.1.128.Final]
		at io.netty.channel.AbstractChannelHandlerContext.invokeChannelInactive(AbstractChannelHandlerContext.java:281) ~[netty-transport-4.1.128.Final.jar:4.1.128.Final]
		at io.netty.channel.AbstractChannelHandlerContext.fireChannelInactive(AbstractChannelHandlerContext.java:274) ~[netty-transport-4.1.128.Final.jar:4.1.128.Final]
		at io.netty.channel.ChannelInboundHandlerAdapter.channelInactive(ChannelInboundHandlerAdapter.java:81) ~[netty-transport-4.1.128.Final.jar:4.1.128.Final]
		at io.netty.handler.codec.http.HttpContentDecoder.channelInactive(HttpContentDecoder.java:237) ~[netty-codec-http-4.1.128.Final.jar:4.1.128.Final]
		at io.netty.channel.AbstractChannelHandlerContext.invokeChannelInactive(AbstractChannelHandlerContext.java:303) ~[netty-transport-4.1.128.Final.jar:4.1.128.Final]
		at io.netty.channel.AbstractChannelHandlerContext.invokeChannelInactive(AbstractChannelHandlerContext.java:281) ~[netty-transport-4.1.128.Final.jar:4.1.128.Final]
		at io.netty.channel.AbstractChannelHandlerContext.fireChannelInactive(AbstractChannelHandlerContext.java:274) ~[netty-transport-4.1.128.Final.jar:4.1.128.Final]
		at io.netty.channel.CombinedChannelDuplexHandler$DelegatingChannelHandlerContext.fireChannelInactive(CombinedChannelDuplexHandler.java:418) ~[netty-transport-4.1.128.Final.jar:4.1.128.Final]
		at io.netty.handler.codec.ByteToMessageDecoder.channelInputClosed(ByteToMessageDecoder.java:412) ~[netty-codec-4.1.128.Final.jar:4.1.128.Final]
		at io.netty.handler.codec.ByteToMessageDecoder.channelInactive(ByteToMessageDecoder.java:377) ~[netty-codec-4.1.128.Final.jar:4.1.128.Final]
		at io.netty.handler.codec.http.HttpClientCodec$Decoder.channelInactive(HttpClientCodec.java:410) ~[netty-codec-http-4.1.128.Final.jar:4.1.128.Final]
		at io.netty.channel.CombinedChannelDuplexHandler.channelInactive(CombinedChannelDuplexHandler.java:221) ~[netty-transport-4.1.128.Final.jar:4.1.128.Final]
		at io.netty.channel.AbstractChannelHandlerContext.invokeChannelInactive(AbstractChannelHandlerContext.java:303) ~[netty-transport-4.1.128.Final.jar:4.1.128.Final]
		at io.netty.channel.AbstractChannelHandlerContext.invokeChannelInactive(AbstractChannelHandlerContext.java:281) ~[netty-transport-4.1.128.Final.jar:4.1.128.Final]
		at io.netty.channel.AbstractChannelHandlerContext.fireChannelInactive(AbstractChannelHandlerContext.java:274) ~[netty-transport-4.1.128.Final.jar:4.1.128.Final]
		at io.netty.channel.DefaultChannelPipeline$HeadContext.channelInactive(DefaultChannelPipeline.java:1352) ~[netty-transport-4.1.128.Final.jar:4.1.128.Final]
		at io.netty.channel.AbstractChannelHandlerContext.invokeChannelInactive(AbstractChannelHandlerContext.java:301) ~[netty-transport-4.1.128.Final.jar:4.1.128.Final]
		at io.netty.channel.AbstractChannelHandlerContext.invokeChannelInactive(AbstractChannelHandlerContext.java:281) ~[netty-transport-4.1.128.Final.jar:4.1.128.Final]
		at io.netty.channel.DefaultChannelPipeline.fireChannelInactive(DefaultChannelPipeline.java:850) ~[netty-transport-4.1.128.Final.jar:4.1.128.Final]
		at io.netty.channel.AbstractChannel$AbstractUnsafe$7.run(AbstractChannel.java:811) ~[netty-transport-4.1.128.Final.jar:4.1.128.Final]
		at io.netty.util.concurrent.AbstractEventExecutor.runTask(AbstractEventExecutor.java:173) ~[netty-common-4.1.128.Final.jar:4.1.128.Final]
		at io.netty.util.concurrent.AbstractEventExecutor.safeExecute(AbstractEventExecutor.java:166) ~[netty-common-4.1.128.Final.jar:4.1.128.Final]
		at io.netty.util.concurrent.SingleThreadEventExecutor.runAllTasks(SingleThreadEventExecutor.java:472) ~[netty-common-4.1.128.Final.jar:4.1.128.Final]
		at io.netty.channel.nio.NioEventLoop.run(NioEventLoop.java:566) ~[netty-transport-4.1.128.Final.jar:4.1.128.Final]
		at io.netty.util.concurrent.SingleThreadEventExecutor$4.run(SingleThreadEventExecutor.java:998) ~[netty-common-4.1.128.Final.jar:4.1.128.Final]
		at io.netty.util.internal.ThreadExecutorMap$2.run(ThreadExecutorMap.java:74) ~[netty-common-4.1.128.Final.jar:4.1.128.Final]
		at io.netty.util.concurrent.FastThreadLocalRunnable.run(FastThreadLocalRunnable.java:30) ~[netty-common-4.1.128.Final.jar:4.1.128.Final]
		at java.base/java.lang.Thread.run(Thread.java:1575) ~[na:na]
Caused by: reactor.netty.http.client.PrematureCloseException: Connection prematurely closed BEFORE response

2026-06-19T10:54:34.640+07:00  WARN 21956 --- [API_Server] [reactor-http-nio-2] r.netty.http.client.HttpClientConnect    : [a7028622-58, L:/127.0.0.1:59160 ! R:localhost/127.0.0.1:8080] The connection observed an error

reactor.netty.http.client.PrematureCloseException: Connection prematurely closed BEFORE response

2026-06-19T10:54:34.641+07:00  INFO 21956 --- [API_Server] [reactor-http-nio-2] d.c.b.a.server.services.StatusUpdater    : Couldn't retrieve status for Instance(id=aead94140931, version=2, registration=Registration(name=API_Server, managementUrl=http://DESKTOP-4DLUCN9:8080/actuator, healthUrl=http://DESKTOP-4DLUCN9:8080/actuator/health, serviceUrl=http://DESKTOP-4DLUCN9:8080/, source=http-api), registered=true, statusInfo=StatusInfo(status=UP, details={ssl={status=UP, details={validChains=[], invalidChains=[]}}, db={status=UP, components={dataSource={status=UP, details={database=Microsoft SQL Server, validationQuery=isValid()}}, fastDataSource={status=UP, details={database=Microsoft SQL Server, validationQuery=isValid()}}}}, diskSpace={status=UP, details={total=447571279872, free=243337437184, threshold=10485760, path=C:\project\PhuThanh_SpringBoot\API_Server\., exists=true}}, ping={status=UP}}), statusTimestamp=2026-06-19T03:52:36.149042200Z, info=Info(values={}), endpoints=Endpoints(endpoints={logfile=Endpoint(id=logfile, url=http://DESKTOP-4DLUCN9:8080/actuator/logfile), health=Endpoint(id=health, url=http://DESKTOP-4DLUCN9:8080/actuator/health), shutdown=Endpoint(id=shutdown, url=http://DESKTOP-4DLUCN9:8080/actuator/shutdown), info=Endpoint(id=info, url=http://DESKTOP-4DLUCN9:8080/actuator/info)}), buildVersion=null, tags=Tags(values={}))

org.springframework.web.reactive.function.client.WebClientRequestException: Connection prematurely closed BEFORE response
	at org.springframework.web.reactive.function.client.ExchangeFunctions$DefaultExchangeFunction.lambda$wrapException$9(ExchangeFunctions.java:137) ~[spring-webflux-6.2.12.jar:6.2.12]
	Suppressed: reactor.core.publisher.FluxOnAssembly$OnAssemblyException: 
Error has been observed at the following site(s):
	*__checkpoint ⇢ Request to GET health [DefaultWebClient]
Original Stack Trace:
		at org.springframework.web.reactive.function.client.ExchangeFunctions$DefaultExchangeFunction.lambda$wrapException$9(ExchangeFunctions.java:137) ~[spring-webflux-6.2.12.jar:6.2.12]
		at reactor.core.publisher.MonoErrorSupplied.subscribe(MonoErrorSupplied.java:55) ~[reactor-core-3.7.12.jar:3.7.12]
		at reactor.core.publisher.Mono.subscribe(Mono.java:4576) ~[reactor-core-3.7.12.jar:3.7.12]
		at reactor.core.publisher.FluxOnErrorResume$ResumeSubscriber.onError(FluxOnErrorResume.java:103) ~[reactor-core-3.7.12.jar:3.7.12]
		at reactor.core.publisher.FluxPeek$PeekSubscriber.onError(FluxPeek.java:222) ~[reactor-core-3.7.12.jar:3.7.12]
		at reactor.core.publisher.FluxPeek$PeekSubscriber.onError(FluxPeek.java:222) ~[reactor-core-3.7.12.jar:3.7.12]
		at reactor.core.publisher.FluxPeek$PeekSubscriber.onError(FluxPeek.java:222) ~[reactor-core-3.7.12.jar:3.7.12]
		at reactor.core.publisher.MonoNext$NextSubscriber.onError(MonoNext.java:93) ~[reactor-core-3.7.12.jar:3.7.12]
		at reactor.core.publisher.MonoFlatMapMany$FlatMapManyMain.onError(MonoFlatMapMany.java:205) ~[reactor-core-3.7.12.jar:3.7.12]
		at reactor.core.publisher.SerializedSubscriber.onError(SerializedSubscriber.java:124) ~[reactor-core-3.7.12.jar:3.7.12]
		at reactor.core.publisher.FluxRetryWhen$RetryWhenMainSubscriber.whenError(FluxRetryWhen.java:229) ~[reactor-core-3.7.12.jar:3.7.12]
		at reactor.core.publisher.FluxRetryWhen$RetryWhenOtherSubscriber.onError(FluxRetryWhen.java:279) ~[reactor-core-3.7.12.jar:3.7.12]
		at reactor.core.publisher.FluxContextWrite$ContextWriteSubscriber.onError(FluxContextWrite.java:121) ~[reactor-core-3.7.12.jar:3.7.12]
		at reactor.core.publisher.FluxConcatMapNoPrefetch$FluxConcatMapNoPrefetchSubscriber.maybeOnError(FluxConcatMapNoPrefetch.java:327) ~[reactor-core-3.7.12.jar:3.7.12]
		at reactor.core.publisher.FluxConcatMapNoPrefetch$FluxConcatMapNoPrefetchSubscriber.onNext(FluxConcatMapNoPrefetch.java:212) ~[reactor-core-3.7.12.jar:3.7.12]
		at reactor.core.publisher.FluxContextWrite$ContextWriteSubscriber.onNext(FluxContextWrite.java:107) ~[reactor-core-3.7.12.jar:3.7.12]
		at reactor.core.publisher.SinkManyEmitterProcessor.drain(SinkManyEmitterProcessor.java:476) ~[reactor-core-3.7.12.jar:3.7.12]
		at reactor.core.publisher.SinkManyEmitterProcessor$EmitterInner.drainParent(SinkManyEmitterProcessor.java:620) ~[reactor-core-3.7.12.jar:3.7.12]
		at reactor.core.publisher.FluxPublish$PubSubInner.request(FluxPublish.java:874) ~[reactor-core-3.7.12.jar:3.7.12]
		at reactor.core.publisher.FluxContextWrite$ContextWriteSubscriber.request(FluxContextWrite.java:136) ~[reactor-core-3.7.12.jar:3.7.12]
		at reactor.core.publisher.FluxConcatMapNoPrefetch$FluxConcatMapNoPrefetchSubscriber.request(FluxConcatMapNoPrefetch.java:337) ~[reactor-core-3.7.12.jar:3.7.12]
		at reactor.core.publisher.FluxContextWrite$ContextWriteSubscriber.request(FluxContextWrite.java:136) ~[reactor-core-3.7.12.jar:3.7.12]
		at reactor.core.publisher.Operators$DeferredSubscription.request(Operators.java:1742) ~[reactor-core-3.7.12.jar:3.7.12]
		at reactor.core.publisher.FluxRetryWhen$RetryWhenMainSubscriber.onError(FluxRetryWhen.java:196) ~[reactor-core-3.7.12.jar:3.7.12]
		at reactor.core.publisher.MonoCreate$DefaultMonoSink.error(MonoCreate.java:205) ~[reactor-core-3.7.12.jar:3.7.12]
		at reactor.netty.http.client.HttpClientConnect$HttpObserver.onUncaughtException(HttpClientConnect.java:425) ~[reactor-netty-http-1.2.11.jar:1.2.11]
		at reactor.netty.ReactorNetty$CompositeConnectionObserver.onUncaughtException(ReactorNetty.java:715) ~[reactor-netty-core-1.2.11.jar:1.2.11]
		at reactor.netty.resources.DefaultPooledConnectionProvider$DisposableAcquire.onUncaughtException(DefaultPooledConnectionProvider.java:225) ~[reactor-netty-core-1.2.11.jar:1.2.11]
		at reactor.netty.resources.DefaultPooledConnectionProvider$PooledConnection.onUncaughtException(DefaultPooledConnectionProvider.java:478) ~[reactor-netty-core-1.2.11.jar:1.2.11]
		at reactor.netty.http.client.HttpClientOperations.onInboundClose(HttpClientOperations.java:392) ~[reactor-netty-http-1.2.11.jar:1.2.11]
		at reactor.netty.channel.ChannelOperationsHandler.channelInactive(ChannelOperationsHandler.java:73) ~[reactor-netty-core-1.2.11.jar:1.2.11]
		at io.netty.channel.AbstractChannelHandlerContext.invokeChannelInactive(AbstractChannelHandlerContext.java:303) ~[netty-transport-4.1.128.Final.jar:4.1.128.Final]
		at io.netty.channel.AbstractChannelHandlerContext.invokeChannelInactive(AbstractChannelHandlerContext.java:281) ~[netty-transport-4.1.128.Final.jar:4.1.128.Final]
		at io.netty.channel.AbstractChannelHandlerContext.fireChannelInactive(AbstractChannelHandlerContext.java:274) ~[netty-transport-4.1.128.Final.jar:4.1.128.Final]
		at io.netty.channel.ChannelInboundHandlerAdapter.channelInactive(ChannelInboundHandlerAdapter.java:81) ~[netty-transport-4.1.128.Final.jar:4.1.128.Final]
		at io.netty.handler.codec.http.HttpContentDecoder.channelInactive(HttpContentDecoder.java:237) ~[netty-codec-http-4.1.128.Final.jar:4.1.128.Final]
		at io.netty.channel.AbstractChannelHandlerContext.invokeChannelInactive(AbstractChannelHandlerContext.java:303) ~[netty-transport-4.1.128.Final.jar:4.1.128.Final]
		at io.netty.channel.AbstractChannelHandlerContext.invokeChannelInactive(AbstractChannelHandlerContext.java:281) ~[netty-transport-4.1.128.Final.jar:4.1.128.Final]
		at io.netty.channel.AbstractChannelHandlerContext.fireChannelInactive(AbstractChannelHandlerContext.java:274) ~[netty-transport-4.1.128.Final.jar:4.1.128.Final]
		at io.netty.channel.CombinedChannelDuplexHandler$DelegatingChannelHandlerContext.fireChannelInactive(CombinedChannelDuplexHandler.java:418) ~[netty-transport-4.1.128.Final.jar:4.1.128.Final]
		at io.netty.handler.codec.ByteToMessageDecoder.channelInputClosed(ByteToMessageDecoder.java:412) ~[netty-codec-4.1.128.Final.jar:4.1.128.Final]
		at io.netty.handler.codec.ByteToMessageDecoder.channelInactive(ByteToMessageDecoder.java:377) ~[netty-codec-4.1.128.Final.jar:4.1.128.Final]
		at io.netty.handler.codec.http.HttpClientCodec$Decoder.channelInactive(HttpClientCodec.java:410) ~[netty-codec-http-4.1.128.Final.jar:4.1.128.Final]
		at io.netty.channel.CombinedChannelDuplexHandler.channelInactive(CombinedChannelDuplexHandler.java:221) ~[netty-transport-4.1.128.Final.jar:4.1.128.Final]
		at io.netty.channel.AbstractChannelHandlerContext.invokeChannelInactive(AbstractChannelHandlerContext.java:303) ~[netty-transport-4.1.128.Final.jar:4.1.128.Final]
		at io.netty.channel.AbstractChannelHandlerContext.invokeChannelInactive(AbstractChannelHandlerContext.java:281) ~[netty-transport-4.1.128.Final.jar:4.1.128.Final]
		at io.netty.channel.AbstractChannelHandlerContext.fireChannelInactive(AbstractChannelHandlerContext.java:274) ~[netty-transport-4.1.128.Final.jar:4.1.128.Final]
		at io.netty.channel.DefaultChannelPipeline$HeadContext.channelInactive(DefaultChannelPipeline.java:1352) ~[netty-transport-4.1.128.Final.jar:4.1.128.Final]
		at io.netty.channel.AbstractChannelHandlerContext.invokeChannelInactive(AbstractChannelHandlerContext.java:301) ~[netty-transport-4.1.128.Final.jar:4.1.128.Final]
		at io.netty.channel.AbstractChannelHandlerContext.invokeChannelInactive(AbstractChannelHandlerContext.java:281) ~[netty-transport-4.1.128.Final.jar:4.1.128.Final]
		at io.netty.channel.DefaultChannelPipeline.fireChannelInactive(DefaultChannelPipeline.java:850) ~[netty-transport-4.1.128.Final.jar:4.1.128.Final]
		at io.netty.channel.AbstractChannel$AbstractUnsafe$7.run(AbstractChannel.java:811) ~[netty-transport-4.1.128.Final.jar:4.1.128.Final]
		at io.netty.util.concurrent.AbstractEventExecutor.runTask(AbstractEventExecutor.java:173) ~[netty-common-4.1.128.Final.jar:4.1.128.Final]
		at io.netty.util.concurrent.AbstractEventExecutor.safeExecute(AbstractEventExecutor.java:166) ~[netty-common-4.1.128.Final.jar:4.1.128.Final]
		at io.netty.util.concurrent.SingleThreadEventExecutor.runAllTasks(SingleThreadEventExecutor.java:472) ~[netty-common-4.1.128.Final.jar:4.1.128.Final]
		at io.netty.channel.nio.NioEventLoop.run(NioEventLoop.java:566) ~[netty-transport-4.1.128.Final.jar:4.1.128.Final]
		at io.netty.util.concurrent.SingleThreadEventExecutor$4.run(SingleThreadEventExecutor.java:998) ~[netty-common-4.1.128.Final.jar:4.1.128.Final]
		at io.netty.util.internal.ThreadExecutorMap$2.run(ThreadExecutorMap.java:74) ~[netty-common-4.1.128.Final.jar:4.1.128.Final]
		at io.netty.util.concurrent.FastThreadLocalRunnable.run(FastThreadLocalRunnable.java:30) ~[netty-common-4.1.128.Final.jar:4.1.128.Final]
		at java.base/java.lang.Thread.run(Thread.java:1575) ~[na:na]
Caused by: reactor.netty.http.client.PrematureCloseException: Connection prematurely closed BEFORE response

2026-06-19T10:54:40.543+07:00  INFO 20208 --- [API_Server] [restartedMain] c.e.apiServer.ApiServerApplication       : Starting ApiServerApplication using Java 23.0.2 with PID 20208 (C:\project\PhuThanh_SpringBoot\API_Server\target\classes started by HDCP in C:\project\PhuThanh_SpringBoot\API_Server)
2026-06-19T10:54:40.545+07:00  INFO 20208 --- [API_Server] [restartedMain] c.e.apiServer.ApiServerApplication       : No active profile set, falling back to 1 default profile: "default"
2026-06-19T10:54:40.582+07:00  INFO 20208 --- [API_Server] [restartedMain] .e.DevToolsPropertyDefaultsPostProcessor : Devtools property defaults active! Set 'spring.devtools.add-properties' to 'false' to disable
2026-06-19T10:54:40.582+07:00  INFO 20208 --- [API_Server] [restartedMain] .e.DevToolsPropertyDefaultsPostProcessor : For additional web related logging consider setting the 'logging.level.web' property to 'DEBUG'
2026-06-19T10:54:41.357+07:00  INFO 20208 --- [API_Server] [restartedMain] .s.d.r.c.RepositoryConfigurationDelegate : Bootstrapping Spring Data JPA repositories in DEFAULT mode.
2026-06-19T10:54:41.448+07:00  INFO 20208 --- [API_Server] [restartedMain] .s.d.r.c.RepositoryConfigurationDelegate : Finished Spring Data repository scanning in 85 ms. Found 2 JPA repository interfaces.
2026-06-19T10:54:41.923+07:00  INFO 20208 --- [API_Server] [restartedMain] o.s.b.w.embedded.tomcat.TomcatWebServer  : Tomcat initialized with port 8080 (http)
2026-06-19T10:54:41.932+07:00  INFO 20208 --- [API_Server] [restartedMain] o.apache.catalina.core.StandardService   : Starting service [Tomcat]
2026-06-19T10:54:41.933+07:00  INFO 20208 --- [API_Server] [restartedMain] o.apache.catalina.core.StandardEngine    : Starting Servlet engine: [Apache Tomcat/10.1.48]
2026-06-19T10:54:41.975+07:00  INFO 20208 --- [API_Server] [restartedMain] o.a.c.c.C.[Tomcat].[localhost].[/]       : Initializing Spring embedded WebApplicationContext
2026-06-19T10:54:41.976+07:00  INFO 20208 --- [API_Server] [restartedMain] w.s.c.ServletWebServerApplicationContext : Root WebApplicationContext: initialization completed in 1393 ms
2026-06-19T10:54:42.155+07:00  INFO 20208 --- [API_Server] [restartedMain] o.hibernate.jpa.internal.util.LogHelper  : HHH000204: Processing PersistenceUnitInfo [name: default]
2026-06-19T10:54:42.184+07:00  INFO 20208 --- [API_Server] [restartedMain] org.hibernate.Version                    : HHH000412: Hibernate ORM core version 6.6.33.Final
2026-06-19T10:54:42.211+07:00  INFO 20208 --- [API_Server] [restartedMain] o.h.c.internal.RegionFactoryInitiator    : HHH000026: Second-level cache disabled
2026-06-19T10:54:42.382+07:00  INFO 20208 --- [API_Server] [restartedMain] o.s.o.j.p.SpringPersistenceUnitInfo      : No LoadTimeWeaver setup: ignoring JPA class transformer
2026-06-19T10:54:42.405+07:00  INFO 20208 --- [API_Server] [restartedMain] com.zaxxer.hikari.HikariDataSource       : HikariPool-1 - Starting...
2026-06-19T10:54:42.621+07:00  INFO 20208 --- [API_Server] [restartedMain] com.zaxxer.hikari.pool.HikariPool        : HikariPool-1 - Added connection ConnectionID:1 ClientConnectionId: 94785c1e-27b5-4217-9153-7f3e07c43252
2026-06-19T10:54:42.623+07:00  INFO 20208 --- [API_Server] [restartedMain] com.zaxxer.hikari.HikariDataSource       : HikariPool-1 - Start completed.
2026-06-19T10:54:42.682+07:00  WARN 20208 --- [API_Server] [restartedMain] org.hibernate.orm.deprecation            : HHH90000025: SQLServerDialect does not need to be specified explicitly using 'hibernate.dialect' (remove the property setting and it will be selected by default)
2026-06-19T10:54:42.695+07:00  INFO 20208 --- [API_Server] [restartedMain] org.hibernate.orm.connections.pooling    : HHH10001005: Database info:
	Database JDBC URL [Connecting through datasource 'HikariDataSource (HikariPool-1)']
	Database driver: undefined/unknown
	Database version: 16.0
	Autocommit mode: undefined/unknown
	Isolation level: undefined/unknown
	Minimum pool size: undefined/unknown
	Maximum pool size: undefined/unknown
2026-06-19T10:54:43.243+07:00  INFO 20208 --- [API_Server] [restartedMain] o.h.e.t.j.p.i.JtaPlatformInitiator       : HHH000489: No JTA platform available (set 'hibernate.transaction.jta.platform' to enable JTA platform integration)
2026-06-19T10:54:43.721+07:00  INFO 20208 --- [API_Server] [restartedMain] j.LocalContainerEntityManagerFactoryBean : Initialized JPA EntityManagerFactory for persistence unit 'default'
2026-06-19T10:54:44.212+07:00  INFO 20208 --- [API_Server] [restartedMain] o.s.d.j.r.query.QueryEnhancerFactory     : Hibernate is in classpath; If applicable, HQL parser will be used.
2026-06-19T10:54:44.656+07:00  WARN 20208 --- [API_Server] [restartedMain] JpaBaseConfiguration$JpaWebConfiguration : spring.jpa.open-in-view is enabled by default. Therefore, database queries may be performed during view rendering. Explicitly configure spring.jpa.open-in-view to disable this warning
2026-06-19T10:54:44.729+07:00  WARN 20208 --- [API_Server] [restartedMain] .s.s.UserDetailsServiceAutoConfiguration : 

Using generated security password: 2995325c-aade-4af2-b33e-fae24bf347c2

This generated password is for development use only. Your security configuration must be updated before running your application in production.

2026-06-19T10:54:44.733+07:00  INFO 20208 --- [API_Server] [restartedMain] r$InitializeUserDetailsManagerConfigurer : Global AuthenticationManager configured with UserDetailsService bean with name inMemoryUserDetailsManager
2026-06-19T10:54:44.942+07:00  INFO 20208 --- [API_Server] [restartedMain] o.s.b.a.e.web.EndpointLinksResolver      : Exposing 4 endpoints beneath base path '/actuator'
2026-06-19T10:54:45.543+07:00  INFO 20208 --- [API_Server] [restartedMain] o.s.b.d.a.OptionalLiveReloadServer       : LiveReload server is running on port 35729
2026-06-19T10:54:45.580+07:00  INFO 20208 --- [API_Server] [restartedMain] o.s.m.s.b.SimpleBrokerMessageHandler     : Starting...
2026-06-19T10:54:45.581+07:00  INFO 20208 --- [API_Server] [restartedMain] o.s.m.s.b.SimpleBrokerMessageHandler     : BrokerAvailabilityEvent[available=true, SimpleBrokerMessageHandler [org.springframework.messaging.simp.broker.DefaultSubscriptionRegistry@3345525d]]
2026-06-19T10:54:45.581+07:00  INFO 20208 --- [API_Server] [restartedMain] o.s.m.s.b.SimpleBrokerMessageHandler     : Started.
2026-06-19T10:54:45.588+07:00  INFO 20208 --- [API_Server] [restartedMain] o.s.b.w.embedded.tomcat.TomcatWebServer  : Tomcat started on port 8080 (http) with context path '/'
2026-06-19T10:54:45.597+07:00  INFO 20208 --- [API_Server] [restartedMain] c.e.apiServer.ApiServerApplication       : Started ApiServerApplication in 5.314 seconds (process running for 5.622)
2026-06-19T10:54:45.742+07:00  INFO 20208 --- [API_Server] [http-nio-8080-exec-1] o.apache.tomcat.util.http.parser.Cookie  : A cookie header was received [g_state={"i_l":0,"i_ll":1777998294174,"i_b":"ZNR3uNv0fH+FE1dDIKzu8KprRRhn/dgsVv87jMlm2ZA","i_e":{"enable_itp_optimization":0},"i_et":1777997229580};] that contained an invalid cookie. That cookie will be ignored.
 Note: further occurrences of this error will be logged at DEBUG level.
2026-06-19T10:54:45.746+07:00  INFO 20208 --- [API_Server] [http-nio-8080-exec-1] o.a.c.c.C.[Tomcat].[localhost].[/]       : Initializing Spring DispatcherServlet 'dispatcherServlet'
2026-06-19T10:54:45.746+07:00  INFO 20208 --- [API_Server] [http-nio-8080-exec-1] o.s.web.servlet.DispatcherServlet        : Initializing Servlet 'dispatcherServlet'
2026-06-19T10:54:45.748+07:00  INFO 20208 --- [API_Server] [http-nio-8080-exec-1] o.s.web.servlet.DispatcherServlet        : Completed initialization in 1 ms
2026-06-19T10:54:45.843+07:00  WARN 20208 --- [API_Server] [parallel-3] s.w.s.m.m.a.RequestMappingHandlerAdapter : !!!
Performing asynchronous handling through the default Spring MVC SimpleAsyncTaskExecutor.
This executor is not suitable for production use under load.
Please, configure an AsyncTaskExecutor through the WebMvc config.
-------------------------------
!!!
2026-06-19T10:54:46.747+07:00  INFO 20208 --- [API_Server] [registrationTask1] d.c.b.a.c.r.ApplicationRegistrator       : Application registered itself as aead94140931
2026-06-19T10:54:46.780+07:00  INFO 20208 --- [API_Server] [http-nio-8080-exec-4] com.zaxxer.hikari.HikariDataSource       : HikariPool-2 - Starting...
2026-06-19T10:54:46.792+07:00  INFO 20208 --- [API_Server] [http-nio-8080-exec-4] com.zaxxer.hikari.pool.HikariPool        : HikariPool-2 - Added connection ConnectionID:11 ClientConnectionId: 31554b88-8fb2-4e6f-b772-317381506fd3
2026-06-19T10:54:46.793+07:00  INFO 20208 --- [API_Server] [http-nio-8080-exec-4] com.zaxxer.hikari.HikariDataSource       : HikariPool-2 - Start completed.
2026-06-19T10:55:21.591+07:00 ERROR 20208 --- [API_Server] [http-nio-8080-exec-10] o.a.c.c.C.[.[.[/].[dispatcherServlet]    : Servlet.service() for servlet [dispatcherServlet] threw exception

org.springframework.security.authorization.AuthorizationDeniedException: Access Denied
	at org.springframework.security.web.access.intercept.AuthorizationFilter.doFilter(AuthorizationFilter.java:99) ~[spring-security-web-6.5.6.jar:6.5.6]
	at org.springframework.security.web.ObservationFilterChainDecorator$ObservationFilter.wrapFilter(ObservationFilterChainDecorator.java:241) ~[spring-security-web-6.5.6.jar:6.5.6]
	at org.springframework.security.web.ObservationFilterChainDecorator$ObservationFilter.doFilter(ObservationFilterChainDecorator.java:228) ~[spring-security-web-6.5.6.jar:6.5.6]
	at org.springframework.security.web.ObservationFilterChainDecorator$VirtualFilterChain.doFilter(ObservationFilterChainDecorator.java:138) ~[spring-security-web-6.5.6.jar:6.5.6]
	at org.springframework.security.web.access.ExceptionTranslationFilter.doFilter(ExceptionTranslationFilter.java:125) ~[spring-security-web-6.5.6.jar:6.5.6]
	at org.springframework.security.web.access.ExceptionTranslationFilter.doFilter(ExceptionTranslationFilter.java:119) ~[spring-security-web-6.5.6.jar:6.5.6]
	at org.springframework.security.web.ObservationFilterChainDecorator$ObservationFilter.wrapFilter(ObservationFilterChainDecorator.java:241) ~[spring-security-web-6.5.6.jar:6.5.6]
	at org.springframework.security.web.ObservationFilterChainDecorator$ObservationFilter.doFilter(ObservationFilterChainDecorator.java:228) ~[spring-security-web-6.5.6.jar:6.5.6]
	at org.springframework.security.web.ObservationFilterChainDecorator$VirtualFilterChain.doFilter(ObservationFilterChainDecorator.java:138) ~[spring-security-web-6.5.6.jar:6.5.6]
	at org.springframework.security.web.authentication.AnonymousAuthenticationFilter.doFilter(AnonymousAuthenticationFilter.java:100) ~[spring-security-web-6.5.6.jar:6.5.6]
	at org.springframework.security.web.ObservationFilterChainDecorator$ObservationFilter.wrapFilter(ObservationFilterChainDecorator.java:241) ~[spring-security-web-6.5.6.jar:6.5.6]
	at org.springframework.security.web.ObservationFilterChainDecorator$ObservationFilter.doFilter(ObservationFilterChainDecorator.java:228) ~[spring-security-web-6.5.6.jar:6.5.6]
	at org.springframework.security.web.ObservationFilterChainDecorator$VirtualFilterChain.doFilter(ObservationFilterChainDecorator.java:138) ~[spring-security-web-6.5.6.jar:6.5.6]
	at org.springframework.security.web.servletapi.SecurityContextHolderAwareRequestFilter.doFilter(SecurityContextHolderAwareRequestFilter.java:179) ~[spring-security-web-6.5.6.jar:6.5.6]
	at org.springframework.security.web.ObservationFilterChainDecorator$ObservationFilter.wrapFilter(ObservationFilterChainDecorator.java:241) ~[spring-security-web-6.5.6.jar:6.5.6]
	at org.springframework.security.web.ObservationFilterChainDecorator$ObservationFilter.doFilter(ObservationFilterChainDecorator.java:228) ~[spring-security-web-6.5.6.jar:6.5.6]
	at org.springframework.security.web.ObservationFilterChainDecorator$VirtualFilterChain.doFilter(ObservationFilterChainDecorator.java:138) ~[spring-security-web-6.5.6.jar:6.5.6]
	at org.springframework.security.web.savedrequest.RequestCacheAwareFilter.doFilter(RequestCacheAwareFilter.java:63) ~[spring-security-web-6.5.6.jar:6.5.6]
	at org.springframework.security.web.ObservationFilterChainDecorator$ObservationFilter.wrapFilter(ObservationFilterChainDecorator.java:241) ~[spring-security-web-6.5.6.jar:6.5.6]
	at org.springframework.security.web.ObservationFilterChainDecorator$ObservationFilter.doFilter(ObservationFilterChainDecorator.java:228) ~[spring-security-web-6.5.6.jar:6.5.6]
	at org.springframework.security.web.ObservationFilterChainDecorator$VirtualFilterChain.doFilter(ObservationFilterChainDecorator.java:138) ~[spring-security-web-6.5.6.jar:6.5.6]
	at org.springframework.web.filter.OncePerRequestFilter.doFilter(OncePerRequestFilter.java:101) ~[spring-web-6.2.12.jar:6.2.12]
	at org.springframework.security.web.ObservationFilterChainDecorator$ObservationFilter.wrapFilter(ObservationFilterChainDecorator.java:241) ~[spring-security-web-6.5.6.jar:6.5.6]
	at org.springframework.security.web.ObservationFilterChainDecorator$ObservationFilter.doFilter(ObservationFilterChainDecorator.java:228) ~[spring-security-web-6.5.6.jar:6.5.6]
	at org.springframework.security.web.ObservationFilterChainDecorator$VirtualFilterChain.doFilter(ObservationFilterChainDecorator.java:138) ~[spring-security-web-6.5.6.jar:6.5.6]
	at org.springframework.security.web.authentication.logout.LogoutFilter.doFilter(LogoutFilter.java:107) ~[spring-security-web-6.5.6.jar:6.5.6]
	at org.springframework.security.web.authentication.logout.LogoutFilter.doFilter(LogoutFilter.java:93) ~[spring-security-web-6.5.6.jar:6.5.6]
	at org.springframework.security.web.ObservationFilterChainDecorator$ObservationFilter.wrapFilter(ObservationFilterChainDecorator.java:241) ~[spring-security-web-6.5.6.jar:6.5.6]
	at org.springframework.security.web.ObservationFilterChainDecorator$ObservationFilter.doFilter(ObservationFilterChainDecorator.java:228) ~[spring-security-web-6.5.6.jar:6.5.6]
	at org.springframework.security.web.ObservationFilterChainDecorator$VirtualFilterChain.doFilter(ObservationFilterChainDecorator.java:138) ~[spring-security-web-6.5.6.jar:6.5.6]
	at org.springframework.web.filter.OncePerRequestFilter.doFilter(OncePerRequestFilter.java:101) ~[spring-web-6.2.12.jar:6.2.12]
	at org.springframework.security.web.ObservationFilterChainDecorator$ObservationFilter.wrapFilter(ObservationFilterChainDecorator.java:241) ~[spring-security-web-6.5.6.jar:6.5.6]
	at org.springframework.security.web.ObservationFilterChainDecorator$ObservationFilter.doFilter(ObservationFilterChainDecorator.java:228) ~[spring-security-web-6.5.6.jar:6.5.6]
	at org.springframework.security.web.ObservationFilterChainDecorator$VirtualFilterChain.doFilter(ObservationFilterChainDecorator.java:138) ~[spring-security-web-6.5.6.jar:6.5.6]
	at org.springframework.security.web.context.SecurityContextHolderFilter.doFilter(SecurityContextHolderFilter.java:82) ~[spring-security-web-6.5.6.jar:6.5.6]
	at org.springframework.security.web.context.SecurityContextHolderFilter.doFilter(SecurityContextHolderFilter.java:69) ~[spring-security-web-6.5.6.jar:6.5.6]
	at org.springframework.security.web.ObservationFilterChainDecorator$ObservationFilter.wrapFilter(ObservationFilterChainDecorator.java:241) ~[spring-security-web-6.5.6.jar:6.5.6]
	at org.springframework.security.web.ObservationFilterChainDecorator$ObservationFilter.doFilter(ObservationFilterChainDecorator.java:228) ~[spring-security-web-6.5.6.jar:6.5.6]
	at org.springframework.security.web.ObservationFilterChainDecorator$VirtualFilterChain.doFilter(ObservationFilterChainDecorator.java:138) ~[spring-security-web-6.5.6.jar:6.5.6]
	at org.springframework.web.filter.OncePerRequestFilter.doFilter(OncePerRequestFilter.java:101) ~[spring-web-6.2.12.jar:6.2.12]
	at org.springframework.security.web.ObservationFilterChainDecorator$ObservationFilter.wrapFilter(ObservationFilterChainDecorator.java:241) ~[spring-security-web-6.5.6.jar:6.5.6]
	at org.springframework.security.web.ObservationFilterChainDecorator$ObservationFilter.doFilter(ObservationFilterChainDecorator.java:228) ~[spring-security-web-6.5.6.jar:6.5.6]
	at org.springframework.security.web.ObservationFilterChainDecorator$VirtualFilterChain.doFilter(ObservationFilterChainDecorator.java:138) ~[spring-security-web-6.5.6.jar:6.5.6]
	at org.springframework.web.filter.OncePerRequestFilter.doFilter(OncePerRequestFilter.java:101) ~[spring-web-6.2.12.jar:6.2.12]
	at org.springframework.security.web.ObservationFilterChainDecorator$ObservationFilter.wrapFilter(ObservationFilterChainDecorator.java:241) ~[spring-security-web-6.5.6.jar:6.5.6]
	at org.springframework.security.web.ObservationFilterChainDecorator$AroundFilterObservation$SimpleAroundFilterObservation.lambda$wrap$0(ObservationFilterChainDecorator.java:334) ~[spring-security-web-6.5.6.jar:6.5.6]
	at org.springframework.security.web.ObservationFilterChainDecorator$ObservationFilter.doFilter(ObservationFilterChainDecorator.java:225) ~[spring-security-web-6.5.6.jar:6.5.6]
	at org.springframework.security.web.ObservationFilterChainDecorator$VirtualFilterChain.doFilter(ObservationFilterChainDecorator.java:138) ~[spring-security-web-6.5.6.jar:6.5.6]
	at org.springframework.security.web.FilterChainProxy.doFilterInternal(FilterChainProxy.java:233) ~[spring-security-web-6.5.6.jar:6.5.6]
	at org.springframework.security.web.FilterChainProxy.doFilter(FilterChainProxy.java:191) ~[spring-security-web-6.5.6.jar:6.5.6]
	at org.springframework.web.filter.CompositeFilter$VirtualFilterChain.doFilter(CompositeFilter.java:113) ~[spring-web-6.2.12.jar:6.2.12]
	at org.springframework.web.filter.ServletRequestPathFilter.doFilter(ServletRequestPathFilter.java:52) ~[spring-web-6.2.12.jar:6.2.12]
	at org.springframework.web.filter.CompositeFilter$VirtualFilterChain.doFilter(CompositeFilter.java:113) ~[spring-web-6.2.12.jar:6.2.12]
	at org.springframework.web.filter.CompositeFilter.doFilter(CompositeFilter.java:74) ~[spring-web-6.2.12.jar:6.2.12]
	at org.springframework.security.config.annotation.web.configuration.WebSecurityConfiguration$CompositeFilterChainProxy.doFilter(WebSecurityConfiguration.java:319) ~[spring-security-config-6.5.6.jar:6.5.6]
	at org.springframework.web.filter.CompositeFilter$VirtualFilterChain.doFilter(CompositeFilter.java:113) ~[spring-web-6.2.12.jar:6.2.12]
	at org.springframework.web.servlet.handler.HandlerMappingIntrospector.lambda$createCacheFilter$4(HandlerMappingIntrospector.java:267) ~[spring-webmvc-6.2.12.jar:6.2.12]
	at org.springframework.web.filter.CompositeFilter$VirtualFilterChain.doFilter(CompositeFilter.java:113) ~[spring-web-6.2.12.jar:6.2.12]
	at org.springframework.web.filter.CompositeFilter.doFilter(CompositeFilter.java:74) ~[spring-web-6.2.12.jar:6.2.12]
	at org.springframework.security.config.annotation.web.configuration.WebMvcSecurityConfiguration$CompositeFilterChainProxy.doFilter(WebMvcSecurityConfiguration.java:240) ~[spring-security-config-6.5.6.jar:6.5.6]
	at org.springframework.web.filter.DelegatingFilterProxy.invokeDelegate(DelegatingFilterProxy.java:362) ~[spring-web-6.2.12.jar:6.2.12]
	at org.springframework.web.filter.DelegatingFilterProxy.doFilter(DelegatingFilterProxy.java:278) ~[spring-web-6.2.12.jar:6.2.12]
	at org.apache.catalina.core.ApplicationFilterChain.internalDoFilter(ApplicationFilterChain.java:162) ~[tomcat-embed-core-10.1.48.jar:10.1.48]
	at org.apache.catalina.core.ApplicationFilterChain.doFilter(ApplicationFilterChain.java:138) ~[tomcat-embed-core-10.1.48.jar:10.1.48]
	at org.springframework.web.filter.RequestContextFilter.doFilterInternal(RequestContextFilter.java:100) ~[spring-web-6.2.12.jar:6.2.12]
	at org.springframework.web.filter.OncePerRequestFilter.doFilter(OncePerRequestFilter.java:116) ~[spring-web-6.2.12.jar:6.2.12]
	at org.apache.catalina.core.ApplicationFilterChain.internalDoFilter(ApplicationFilterChain.java:162) ~[tomcat-embed-core-10.1.48.jar:10.1.48]
	at org.apache.catalina.core.ApplicationFilterChain.doFilter(ApplicationFilterChain.java:138) ~[tomcat-embed-core-10.1.48.jar:10.1.48]
	at org.springframework.web.filter.OncePerRequestFilter.doFilter(OncePerRequestFilter.java:101) ~[spring-web-6.2.12.jar:6.2.12]
	at org.apache.catalina.core.ApplicationFilterChain.internalDoFilter(ApplicationFilterChain.java:162) ~[tomcat-embed-core-10.1.48.jar:10.1.48]
	at org.apache.catalina.core.ApplicationFilterChain.doFilter(ApplicationFilterChain.java:138) ~[tomcat-embed-core-10.1.48.jar:10.1.48]
	at org.springframework.web.filter.OncePerRequestFilter.doFilter(OncePerRequestFilter.java:101) ~[spring-web-6.2.12.jar:6.2.12]
	at org.apache.catalina.core.ApplicationFilterChain.internalDoFilter(ApplicationFilterChain.java:162) ~[tomcat-embed-core-10.1.48.jar:10.1.48]
	at org.apache.catalina.core.ApplicationFilterChain.doFilter(ApplicationFilterChain.java:138) ~[tomcat-embed-core-10.1.48.jar:10.1.48]
	at org.apache.catalina.core.ApplicationDispatcher.invoke(ApplicationDispatcher.java:610) ~[tomcat-embed-core-10.1.48.jar:10.1.48]
	at org.apache.catalina.core.ApplicationDispatcher.doInclude(ApplicationDispatcher.java:489) ~[tomcat-embed-core-10.1.48.jar:10.1.48]
	at org.apache.catalina.core.ApplicationDispatcher.include(ApplicationDispatcher.java:437) ~[tomcat-embed-core-10.1.48.jar:10.1.48]
	at org.apache.catalina.core.StandardHostValve.custom(StandardHostValve.java:355) ~[tomcat-embed-core-10.1.48.jar:10.1.48]
	at org.apache.catalina.core.StandardHostValve.status(StandardHostValve.java:206) ~[tomcat-embed-core-10.1.48.jar:10.1.48]
	at org.apache.catalina.core.StandardHostValve.throwable(StandardHostValve.java:283) ~[tomcat-embed-core-10.1.48.jar:10.1.48]
	at org.apache.catalina.core.AsyncContextImpl.setErrorState(AsyncContextImpl.java:440) ~[tomcat-embed-core-10.1.48.jar:10.1.48]
	at org.apache.catalina.connector.CoyoteAdapter.asyncDispatch(CoyoteAdapter.java:153) ~[tomcat-embed-core-10.1.48.jar:10.1.48]
	at org.apache.coyote.AbstractProcessor.dispatch(AbstractProcessor.java:243) ~[tomcat-embed-core-10.1.48.jar:10.1.48]
	at org.apache.coyote.AbstractProcessorLight.process(AbstractProcessorLight.java:57) ~[tomcat-embed-core-10.1.48.jar:10.1.48]
	at org.apache.coyote.AbstractProtocol$ConnectionHandler.process(AbstractProtocol.java:903) ~[tomcat-embed-core-10.1.48.jar:10.1.48]
	at org.apache.tomcat.util.net.NioEndpoint$SocketProcessor.doRun(NioEndpoint.java:1774) ~[tomcat-embed-core-10.1.48.jar:10.1.48]
	at org.apache.tomcat.util.net.SocketProcessorBase.run(SocketProcessorBase.java:52) ~[tomcat-embed-core-10.1.48.jar:10.1.48]
	at org.apache.tomcat.util.threads.ThreadPoolExecutor.runWorker(ThreadPoolExecutor.java:973) ~[tomcat-embed-core-10.1.48.jar:10.1.48]
	at org.apache.tomcat.util.threads.ThreadPoolExecutor$Worker.run(ThreadPoolExecutor.java:491) ~[tomcat-embed-core-10.1.48.jar:10.1.48]
	at org.apache.tomcat.util.threads.TaskThread$WrappingRunnable.run(TaskThread.java:63) ~[tomcat-embed-core-10.1.48.jar:10.1.48]
	at java.base/java.lang.Thread.run(Thread.java:1575) ~[na:na]

2026-06-19T10:55:21.599+07:00 ERROR 20208 --- [API_Server] [http-nio-8080-exec-10] o.a.c.c.C.[Tomcat].[localhost]           : Exception Processing [ErrorPage[errorCode=0, location=/error]]

jakarta.servlet.ServletException: Unable to handle the Spring Security Exception because the response is already committed.
	at org.springframework.security.web.access.ExceptionTranslationFilter.doFilter(ExceptionTranslationFilter.java:143) ~[spring-security-web-6.5.6.jar:6.5.6]
	at org.springframework.security.web.access.ExceptionTranslationFilter.doFilter(ExceptionTranslationFilter.java:119) ~[spring-security-web-6.5.6.jar:6.5.6]
	at org.springframework.security.web.ObservationFilterChainDecorator$ObservationFilter.wrapFilter(ObservationFilterChainDecorator.java:241) ~[spring-security-web-6.5.6.jar:6.5.6]
	at org.springframework.security.web.ObservationFilterChainDecorator$ObservationFilter.doFilter(ObservationFilterChainDecorator.java:228) ~[spring-security-web-6.5.6.jar:6.5.6]
	at org.springframework.security.web.ObservationFilterChainDecorator$VirtualFilterChain.doFilter(ObservationFilterChainDecorator.java:138) ~[spring-security-web-6.5.6.jar:6.5.6]
	at org.springframework.security.web.authentication.AnonymousAuthenticationFilter.doFilter(AnonymousAuthenticationFilter.java:100) ~[spring-security-web-6.5.6.jar:6.5.6]
	at org.springframework.security.web.ObservationFilterChainDecorator$ObservationFilter.wrapFilter(ObservationFilterChainDecorator.java:241) ~[spring-security-web-6.5.6.jar:6.5.6]
	at org.springframework.security.web.ObservationFilterChainDecorator$ObservationFilter.doFilter(ObservationFilterChainDecorator.java:228) ~[spring-security-web-6.5.6.jar:6.5.6]
	at org.springframework.security.web.ObservationFilterChainDecorator$VirtualFilterChain.doFilter(ObservationFilterChainDecorator.java:138) ~[spring-security-web-6.5.6.jar:6.5.6]
	at org.springframework.security.web.servletapi.SecurityContextHolderAwareRequestFilter.doFilter(SecurityContextHolderAwareRequestFilter.java:179) ~[spring-security-web-6.5.6.jar:6.5.6]
	at org.springframework.security.web.ObservationFilterChainDecorator$ObservationFilter.wrapFilter(ObservationFilterChainDecorator.java:241) ~[spring-security-web-6.5.6.jar:6.5.6]
	at org.springframework.security.web.ObservationFilterChainDecorator$ObservationFilter.doFilter(ObservationFilterChainDecorator.java:228) ~[spring-security-web-6.5.6.jar:6.5.6]
	at org.springframework.security.web.ObservationFilterChainDecorator$VirtualFilterChain.doFilter(ObservationFilterChainDecorator.java:138) ~[spring-security-web-6.5.6.jar:6.5.6]
	at org.springframework.security.web.savedrequest.RequestCacheAwareFilter.doFilter(RequestCacheAwareFilter.java:63) ~[spring-security-web-6.5.6.jar:6.5.6]
	at org.springframework.security.web.ObservationFilterChainDecorator$ObservationFilter.wrapFilter(ObservationFilterChainDecorator.java:241) ~[spring-security-web-6.5.6.jar:6.5.6]
	at org.springframework.security.web.ObservationFilterChainDecorator$ObservationFilter.doFilter(ObservationFilterChainDecorator.java:228) ~[spring-security-web-6.5.6.jar:6.5.6]
	at org.springframework.security.web.ObservationFilterChainDecorator$VirtualFilterChain.doFilter(ObservationFilterChainDecorator.java:138) ~[spring-security-web-6.5.6.jar:6.5.6]
	at org.springframework.web.filter.OncePerRequestFilter.doFilter(OncePerRequestFilter.java:101) ~[spring-web-6.2.12.jar:6.2.12]
	at org.springframework.security.web.ObservationFilterChainDecorator$ObservationFilter.wrapFilter(ObservationFilterChainDecorator.java:241) ~[spring-security-web-6.5.6.jar:6.5.6]
	at org.springframework.security.web.ObservationFilterChainDecorator$ObservationFilter.doFilter(ObservationFilterChainDecorator.java:228) ~[spring-security-web-6.5.6.jar:6.5.6]
	at org.springframework.security.web.ObservationFilterChainDecorator$VirtualFilterChain.doFilter(ObservationFilterChainDecorator.java:138) ~[spring-security-web-6.5.6.jar:6.5.6]
	at org.springframework.security.web.authentication.logout.LogoutFilter.doFilter(LogoutFilter.java:107) ~[spring-security-web-6.5.6.jar:6.5.6]
	at org.springframework.security.web.authentication.logout.LogoutFilter.doFilter(LogoutFilter.java:93) ~[spring-security-web-6.5.6.jar:6.5.6]
	at org.springframework.security.web.ObservationFilterChainDecorator$ObservationFilter.wrapFilter(ObservationFilterChainDecorator.java:241) ~[spring-security-web-6.5.6.jar:6.5.6]
	at org.springframework.security.web.ObservationFilterChainDecorator$ObservationFilter.doFilter(ObservationFilterChainDecorator.java:228) ~[spring-security-web-6.5.6.jar:6.5.6]
	at org.springframework.security.web.ObservationFilterChainDecorator$VirtualFilterChain.doFilter(ObservationFilterChainDecorator.java:138) ~[spring-security-web-6.5.6.jar:6.5.6]
	at org.springframework.web.filter.OncePerRequestFilter.doFilter(OncePerRequestFilter.java:101) ~[spring-web-6.2.12.jar:6.2.12]
	at org.springframework.security.web.ObservationFilterChainDecorator$ObservationFilter.wrapFilter(ObservationFilterChainDecorator.java:241) ~[spring-security-web-6.5.6.jar:6.5.6]
	at org.springframework.security.web.ObservationFilterChainDecorator$ObservationFilter.doFilter(ObservationFilterChainDecorator.java:228) ~[spring-security-web-6.5.6.jar:6.5.6]
	at org.springframework.security.web.ObservationFilterChainDecorator$VirtualFilterChain.doFilter(ObservationFilterChainDecorator.java:138) ~[spring-security-web-6.5.6.jar:6.5.6]
	at org.springframework.security.web.context.SecurityContextHolderFilter.doFilter(SecurityContextHolderFilter.java:82) ~[spring-security-web-6.5.6.jar:6.5.6]
	at org.springframework.security.web.context.SecurityContextHolderFilter.doFilter(SecurityContextHolderFilter.java:69) ~[spring-security-web-6.5.6.jar:6.5.6]
	at org.springframework.security.web.ObservationFilterChainDecorator$ObservationFilter.wrapFilter(ObservationFilterChainDecorator.java:241) ~[spring-security-web-6.5.6.jar:6.5.6]
	at org.springframework.security.web.ObservationFilterChainDecorator$ObservationFilter.doFilter(ObservationFilterChainDecorator.java:228) ~[spring-security-web-6.5.6.jar:6.5.6]
	at org.springframework.security.web.ObservationFilterChainDecorator$VirtualFilterChain.doFilter(ObservationFilterChainDecorator.java:138) ~[spring-security-web-6.5.6.jar:6.5.6]
	at org.springframework.web.filter.OncePerRequestFilter.doFilter(OncePerRequestFilter.java:101) ~[spring-web-6.2.12.jar:6.2.12]
	at org.springframework.security.web.ObservationFilterChainDecorator$ObservationFilter.wrapFilter(ObservationFilterChainDecorator.java:241) ~[spring-security-web-6.5.6.jar:6.5.6]
	at org.springframework.security.web.ObservationFilterChainDecorator$ObservationFilter.doFilter(ObservationFilterChainDecorator.java:228) ~[spring-security-web-6.5.6.jar:6.5.6]
	at org.springframework.security.web.ObservationFilterChainDecorator$VirtualFilterChain.doFilter(ObservationFilterChainDecorator.java:138) ~[spring-security-web-6.5.6.jar:6.5.6]
	at org.springframework.web.filter.OncePerRequestFilter.doFilter(OncePerRequestFilter.java:101) ~[spring-web-6.2.12.jar:6.2.12]
	at org.springframework.security.web.ObservationFilterChainDecorator$ObservationFilter.wrapFilter(ObservationFilterChainDecorator.java:241) ~[spring-security-web-6.5.6.jar:6.5.6]
	at org.springframework.security.web.ObservationFilterChainDecorator$AroundFilterObservation$SimpleAroundFilterObservation.lambda$wrap$0(ObservationFilterChainDecorator.java:334) ~[spring-security-web-6.5.6.jar:6.5.6]
	at org.springframework.security.web.ObservationFilterChainDecorator$ObservationFilter.doFilter(ObservationFilterChainDecorator.java:225) ~[spring-security-web-6.5.6.jar:6.5.6]
	at org.springframework.security.web.ObservationFilterChainDecorator$VirtualFilterChain.doFilter(ObservationFilterChainDecorator.java:138) ~[spring-security-web-6.5.6.jar:6.5.6]
	at org.springframework.security.web.FilterChainProxy.doFilterInternal(FilterChainProxy.java:233) ~[spring-security-web-6.5.6.jar:6.5.6]
	at org.springframework.security.web.FilterChainProxy.doFilter(FilterChainProxy.java:191) ~[spring-security-web-6.5.6.jar:6.5.6]
	at org.springframework.web.filter.CompositeFilter$VirtualFilterChain.doFilter(CompositeFilter.java:113) ~[spring-web-6.2.12.jar:6.2.12]
	at org.springframework.web.filter.ServletRequestPathFilter.doFilter(ServletRequestPathFilter.java:52) ~[spring-web-6.2.12.jar:6.2.12]
	at org.springframework.web.filter.CompositeFilter$VirtualFilterChain.doFilter(CompositeFilter.java:113) ~[spring-web-6.2.12.jar:6.2.12]
	at org.springframework.web.filter.CompositeFilter.doFilter(CompositeFilter.java:74) ~[spring-web-6.2.12.jar:6.2.12]
	at org.springframework.security.config.annotation.web.configuration.WebSecurityConfiguration$CompositeFilterChainProxy.doFilter(WebSecurityConfiguration.java:319) ~[spring-security-config-6.5.6.jar:6.5.6]
	at org.springframework.web.filter.CompositeFilter$VirtualFilterChain.doFilter(CompositeFilter.java:113) ~[spring-web-6.2.12.jar:6.2.12]
	at org.springframework.web.servlet.handler.HandlerMappingIntrospector.lambda$createCacheFilter$4(HandlerMappingIntrospector.java:267) ~[spring-webmvc-6.2.12.jar:6.2.12]
	at org.springframework.web.filter.CompositeFilter$VirtualFilterChain.doFilter(CompositeFilter.java:113) ~[spring-web-6.2.12.jar:6.2.12]
	at org.springframework.web.filter.CompositeFilter.doFilter(CompositeFilter.java:74) ~[spring-web-6.2.12.jar:6.2.12]
	at org.springframework.security.config.annotation.web.configuration.WebMvcSecurityConfiguration$CompositeFilterChainProxy.doFilter(WebMvcSecurityConfiguration.java:240) ~[spring-security-config-6.5.6.jar:6.5.6]
	at org.springframework.web.filter.DelegatingFilterProxy.invokeDelegate(DelegatingFilterProxy.java:362) ~[spring-web-6.2.12.jar:6.2.12]
	at org.springframework.web.filter.DelegatingFilterProxy.doFilter(DelegatingFilterProxy.java:278) ~[spring-web-6.2.12.jar:6.2.12]
	at org.apache.catalina.core.ApplicationFilterChain.internalDoFilter(ApplicationFilterChain.java:162) ~[tomcat-embed-core-10.1.48.jar:10.1.48]
	at org.apache.catalina.core.ApplicationFilterChain.doFilter(ApplicationFilterChain.java:138) ~[tomcat-embed-core-10.1.48.jar:10.1.48]
	at org.springframework.web.filter.RequestContextFilter.doFilterInternal(RequestContextFilter.java:100) ~[spring-web-6.2.12.jar:6.2.12]
	at org.springframework.web.filter.OncePerRequestFilter.doFilter(OncePerRequestFilter.java:116) ~[spring-web-6.2.12.jar:6.2.12]
	at org.apache.catalina.core.ApplicationFilterChain.internalDoFilter(ApplicationFilterChain.java:162) ~[tomcat-embed-core-10.1.48.jar:10.1.48]
	at org.apache.catalina.core.ApplicationFilterChain.doFilter(ApplicationFilterChain.java:138) ~[tomcat-embed-core-10.1.48.jar:10.1.48]
	at org.springframework.web.filter.OncePerRequestFilter.doFilter(OncePerRequestFilter.java:101) ~[spring-web-6.2.12.jar:6.2.12]
	at org.apache.catalina.core.ApplicationFilterChain.internalDoFilter(ApplicationFilterChain.java:162) ~[tomcat-embed-core-10.1.48.jar:10.1.48]
	at org.apache.catalina.core.ApplicationFilterChain.doFilter(ApplicationFilterChain.java:138) ~[tomcat-embed-core-10.1.48.jar:10.1.48]
	at org.springframework.web.filter.OncePerRequestFilter.doFilter(OncePerRequestFilter.java:101) ~[spring-web-6.2.12.jar:6.2.12]
	at org.apache.catalina.core.ApplicationFilterChain.internalDoFilter(ApplicationFilterChain.java:162) ~[tomcat-embed-core-10.1.48.jar:10.1.48]
	at org.apache.catalina.core.ApplicationFilterChain.doFilter(ApplicationFilterChain.java:138) ~[tomcat-embed-core-10.1.48.jar:10.1.48]
	at org.apache.catalina.core.ApplicationDispatcher.invoke(ApplicationDispatcher.java:610) ~[tomcat-embed-core-10.1.48.jar:10.1.48]
	at org.apache.catalina.core.ApplicationDispatcher.doInclude(ApplicationDispatcher.java:489) ~[tomcat-embed-core-10.1.48.jar:10.1.48]
	at org.apache.catalina.core.ApplicationDispatcher.include(ApplicationDispatcher.java:437) ~[tomcat-embed-core-10.1.48.jar:10.1.48]
	at org.apache.catalina.core.StandardHostValve.custom(StandardHostValve.java:355) ~[tomcat-embed-core-10.1.48.jar:10.1.48]
	at org.apache.catalina.core.StandardHostValve.status(StandardHostValve.java:206) ~[tomcat-embed-core-10.1.48.jar:10.1.48]
	at org.apache.catalina.core.StandardHostValve.throwable(StandardHostValve.java:283) ~[tomcat-embed-core-10.1.48.jar:10.1.48]
	at org.apache.catalina.core.AsyncContextImpl.setErrorState(AsyncContextImpl.java:440) ~[tomcat-embed-core-10.1.48.jar:10.1.48]
	at org.apache.catalina.connector.CoyoteAdapter.asyncDispatch(CoyoteAdapter.java:153) ~[tomcat-embed-core-10.1.48.jar:10.1.48]
	at org.apache.coyote.AbstractProcessor.dispatch(AbstractProcessor.java:243) ~[tomcat-embed-core-10.1.48.jar:10.1.48]
	at org.apache.coyote.AbstractProcessorLight.process(AbstractProcessorLight.java:57) ~[tomcat-embed-core-10.1.48.jar:10.1.48]
	at org.apache.coyote.AbstractProtocol$ConnectionHandler.process(AbstractProtocol.java:903) ~[tomcat-embed-core-10.1.48.jar:10.1.48]
	at org.apache.tomcat.util.net.NioEndpoint$SocketProcessor.doRun(NioEndpoint.java:1774) ~[tomcat-embed-core-10.1.48.jar:10.1.48]
	at org.apache.tomcat.util.net.SocketProcessorBase.run(SocketProcessorBase.java:52) ~[tomcat-embed-core-10.1.48.jar:10.1.48]
	at org.apache.tomcat.util.threads.ThreadPoolExecutor.runWorker(ThreadPoolExecutor.java:973) ~[tomcat-embed-core-10.1.48.jar:10.1.48]
	at org.apache.tomcat.util.threads.ThreadPoolExecutor$Worker.run(ThreadPoolExecutor.java:491) ~[tomcat-embed-core-10.1.48.jar:10.1.48]
	at org.apache.tomcat.util.threads.TaskThread$WrappingRunnable.run(TaskThread.java:63) ~[tomcat-embed-core-10.1.48.jar:10.1.48]
	at java.base/java.lang.Thread.run(Thread.java:1575) ~[na:na]
Caused by: org.springframework.security.authorization.AuthorizationDeniedException: Access Denied
	at org.springframework.security.web.access.intercept.AuthorizationFilter.doFilter(AuthorizationFilter.java:99) ~[spring-security-web-6.5.6.jar:6.5.6]
	at org.springframework.security.web.ObservationFilterChainDecorator$ObservationFilter.wrapFilter(ObservationFilterChainDecorator.java:241) ~[spring-security-web-6.5.6.jar:6.5.6]
	at org.springframework.security.web.ObservationFilterChainDecorator$ObservationFilter.doFilter(ObservationFilterChainDecorator.java:228) ~[spring-security-web-6.5.6.jar:6.5.6]
	at org.springframework.security.web.ObservationFilterChainDecorator$VirtualFilterChain.doFilter(ObservationFilterChainDecorator.java:138) ~[spring-security-web-6.5.6.jar:6.5.6]
	at org.springframework.security.web.access.ExceptionTranslationFilter.doFilter(ExceptionTranslationFilter.java:125) ~[spring-security-web-6.5.6.jar:6.5.6]
	... 86 common frames omitted

2026-06-19T10:55:45.573+07:00  INFO 20208 --- [API_Server] [MessageBroker-1] o.s.w.s.c.WebSocketMessageBrokerStats    : WebSocketSession[0 current WS(0)-HttpStream(0)-HttpPoll(0), 0 total, 0 closed abnormally (0 connect failure, 0 send limit, 0 transport error)], stompSubProtocol[processed CONNECT(0)-CONNECTED(0)-DISCONNECT(0)], stompBrokerRelay[null], inboundChannel[pool size = 0, active threads = 0, queued tasks = 0, completed tasks = 0], outboundChannel[pool size = 0, active threads = 0, queued tasks = 0, completed tasks = 0], sockJsScheduler[pool size = 1, active threads = 1, queued tasks = 0, completed tasks = 0]
2026-06-19T10:56:56.591+07:00  INFO 20208 --- [API_Server] [File Watcher] rtingClassPathChangeChangedEventListener : Restarting due to 1 class path change (0 additions, 0 deletions, 1 modification)
2026-06-19T10:56:56.594+07:00  INFO 20208 --- [API_Server] [Thread-22] o.s.b.w.e.tomcat.GracefulShutdown        : Commencing graceful shutdown. Waiting for active requests to complete
2026-06-19T10:57:05.401+07:00  WARN 20208 --- [API_Server] [reactor-http-nio-2] r.netty.http.client.HttpClientConnect    : [2d51ad91-66, L:/127.0.0.1:59235 ! R:localhost/127.0.0.1:8080] The connection observed an error

reactor.netty.http.client.PrematureCloseException: Connection prematurely closed BEFORE response

2026-06-19T10:57:05.406+07:00  INFO 20208 --- [API_Server] [reactor-http-nio-2] d.c.b.a.server.services.StatusUpdater    : Couldn't retrieve status for Instance(id=aead94140931, version=2, registration=Registration(name=API_Server, managementUrl=http://DESKTOP-4DLUCN9:8080/actuator, healthUrl=http://DESKTOP-4DLUCN9:8080/actuator/health, serviceUrl=http://DESKTOP-4DLUCN9:8080/, source=http-api), registered=true, statusInfo=StatusInfo(status=UP, details={ssl={status=UP, details={validChains=[], invalidChains=[]}}, db={status=UP, components={dataSource={status=UP, details={database=Microsoft SQL Server, validationQuery=isValid()}}, fastDataSource={status=UP, details={database=Microsoft SQL Server, validationQuery=isValid()}}}}, diskSpace={status=UP, details={total=447571279872, free=243336359936, threshold=10485760, path=C:\project\PhuThanh_SpringBoot\API_Server\., exists=true}}, ping={status=UP}}), statusTimestamp=2026-06-19T03:54:46.833909100Z, info=Info(values={}), endpoints=Endpoints(endpoints={logfile=Endpoint(id=logfile, url=http://DESKTOP-4DLUCN9:8080/actuator/logfile), health=Endpoint(id=health, url=http://DESKTOP-4DLUCN9:8080/actuator/health), shutdown=Endpoint(id=shutdown, url=http://DESKTOP-4DLUCN9:8080/actuator/shutdown), info=Endpoint(id=info, url=http://DESKTOP-4DLUCN9:8080/actuator/info)}), buildVersion=null, tags=Tags(values={}))

org.springframework.web.reactive.function.client.WebClientRequestException: Connection prematurely closed BEFORE response
	at org.springframework.web.reactive.function.client.ExchangeFunctions$DefaultExchangeFunction.lambda$wrapException$9(ExchangeFunctions.java:137) ~[spring-webflux-6.2.12.jar:6.2.12]
	Suppressed: reactor.core.publisher.FluxOnAssembly$OnAssemblyException: 
Error has been observed at the following site(s):
	*__checkpoint ⇢ Request to GET health [DefaultWebClient]
Original Stack Trace:
		at org.springframework.web.reactive.function.client.ExchangeFunctions$DefaultExchangeFunction.lambda$wrapException$9(ExchangeFunctions.java:137) ~[spring-webflux-6.2.12.jar:6.2.12]
		at reactor.core.publisher.MonoErrorSupplied.subscribe(MonoErrorSupplied.java:55) ~[reactor-core-3.7.12.jar:3.7.12]
		at reactor.core.publisher.Mono.subscribe(Mono.java:4576) ~[reactor-core-3.7.12.jar:3.7.12]
		at reactor.core.publisher.FluxOnErrorResume$ResumeSubscriber.onError(FluxOnErrorResume.java:103) ~[reactor-core-3.7.12.jar:3.7.12]
		at reactor.core.publisher.FluxPeek$PeekSubscriber.onError(FluxPeek.java:222) ~[reactor-core-3.7.12.jar:3.7.12]
		at reactor.core.publisher.FluxPeek$PeekSubscriber.onError(FluxPeek.java:222) ~[reactor-core-3.7.12.jar:3.7.12]
		at reactor.core.publisher.FluxPeek$PeekSubscriber.onError(FluxPeek.java:222) ~[reactor-core-3.7.12.jar:3.7.12]
		at reactor.core.publisher.MonoNext$NextSubscriber.onError(MonoNext.java:93) ~[reactor-core-3.7.12.jar:3.7.12]
		at reactor.core.publisher.MonoFlatMapMany$FlatMapManyMain.onError(MonoFlatMapMany.java:205) ~[reactor-core-3.7.12.jar:3.7.12]
		at reactor.core.publisher.SerializedSubscriber.onError(SerializedSubscriber.java:124) ~[reactor-core-3.7.12.jar:3.7.12]
		at reactor.core.publisher.FluxRetryWhen$RetryWhenMainSubscriber.whenError(FluxRetryWhen.java:229) ~[reactor-core-3.7.12.jar:3.7.12]
		at reactor.core.publisher.FluxRetryWhen$RetryWhenOtherSubscriber.onError(FluxRetryWhen.java:279) ~[reactor-core-3.7.12.jar:3.7.12]
		at reactor.core.publisher.FluxContextWrite$ContextWriteSubscriber.onError(FluxContextWrite.java:121) ~[reactor-core-3.7.12.jar:3.7.12]
		at reactor.core.publisher.FluxConcatMapNoPrefetch$FluxConcatMapNoPrefetchSubscriber.maybeOnError(FluxConcatMapNoPrefetch.java:327) ~[reactor-core-3.7.12.jar:3.7.12]
		at reactor.core.publisher.FluxConcatMapNoPrefetch$FluxConcatMapNoPrefetchSubscriber.onNext(FluxConcatMapNoPrefetch.java:212) ~[reactor-core-3.7.12.jar:3.7.12]
		at reactor.core.publisher.FluxContextWrite$ContextWriteSubscriber.onNext(FluxContextWrite.java:107) ~[reactor-core-3.7.12.jar:3.7.12]
		at reactor.core.publisher.SinkManyEmitterProcessor.drain(SinkManyEmitterProcessor.java:476) ~[reactor-core-3.7.12.jar:3.7.12]
		at reactor.core.publisher.SinkManyEmitterProcessor$EmitterInner.drainParent(SinkManyEmitterProcessor.java:620) ~[reactor-core-3.7.12.jar:3.7.12]
		at reactor.core.publisher.FluxPublish$PubSubInner.request(FluxPublish.java:874) ~[reactor-core-3.7.12.jar:3.7.12]
		at reactor.core.publisher.FluxContextWrite$ContextWriteSubscriber.request(FluxContextWrite.java:136) ~[reactor-core-3.7.12.jar:3.7.12]
		at reactor.core.publisher.FluxConcatMapNoPrefetch$FluxConcatMapNoPrefetchSubscriber.request(FluxConcatMapNoPrefetch.java:337) ~[reactor-core-3.7.12.jar:3.7.12]
		at reactor.core.publisher.FluxContextWrite$ContextWriteSubscriber.request(FluxContextWrite.java:136) ~[reactor-core-3.7.12.jar:3.7.12]
		at reactor.core.publisher.Operators$DeferredSubscription.request(Operators.java:1742) ~[reactor-core-3.7.12.jar:3.7.12]
		at reactor.core.publisher.FluxRetryWhen$RetryWhenMainSubscriber.onError(FluxRetryWhen.java:196) ~[reactor-core-3.7.12.jar:3.7.12]
		at reactor.core.publisher.MonoCreate$DefaultMonoSink.error(MonoCreate.java:205) ~[reactor-core-3.7.12.jar:3.7.12]
		at reactor.netty.http.client.HttpClientConnect$HttpObserver.onUncaughtException(HttpClientConnect.java:425) ~[reactor-netty-http-1.2.11.jar:1.2.11]
		at reactor.netty.ReactorNetty$CompositeConnectionObserver.onUncaughtException(ReactorNetty.java:715) ~[reactor-netty-core-1.2.11.jar:1.2.11]
		at reactor.netty.resources.DefaultPooledConnectionProvider$DisposableAcquire.onUncaughtException(DefaultPooledConnectionProvider.java:225) ~[reactor-netty-core-1.2.11.jar:1.2.11]
		at reactor.netty.resources.DefaultPooledConnectionProvider$PooledConnection.onUncaughtException(DefaultPooledConnectionProvider.java:478) ~[reactor-netty-core-1.2.11.jar:1.2.11]
		at reactor.netty.http.client.HttpClientOperations.onInboundClose(HttpClientOperations.java:392) ~[reactor-netty-http-1.2.11.jar:1.2.11]
		at reactor.netty.channel.ChannelOperationsHandler.channelInactive(ChannelOperationsHandler.java:73) ~[reactor-netty-core-1.2.11.jar:1.2.11]
		at io.netty.channel.AbstractChannelHandlerContext.invokeChannelInactive(AbstractChannelHandlerContext.java:303) ~[netty-transport-4.1.128.Final.jar:4.1.128.Final]
		at io.netty.channel.AbstractChannelHandlerContext.invokeChannelInactive(AbstractChannelHandlerContext.java:281) ~[netty-transport-4.1.128.Final.jar:4.1.128.Final]
		at io.netty.channel.AbstractChannelHandlerContext.fireChannelInactive(AbstractChannelHandlerContext.java:274) ~[netty-transport-4.1.128.Final.jar:4.1.128.Final]
		at io.netty.channel.ChannelInboundHandlerAdapter.channelInactive(ChannelInboundHandlerAdapter.java:81) ~[netty-transport-4.1.128.Final.jar:4.1.128.Final]
		at io.netty.handler.codec.http.HttpContentDecoder.channelInactive(HttpContentDecoder.java:237) ~[netty-codec-http-4.1.128.Final.jar:4.1.128.Final]
		at io.netty.channel.AbstractChannelHandlerContext.invokeChannelInactive(AbstractChannelHandlerContext.java:303) ~[netty-transport-4.1.128.Final.jar:4.1.128.Final]
		at io.netty.channel.AbstractChannelHandlerContext.invokeChannelInactive(AbstractChannelHandlerContext.java:281) ~[netty-transport-4.1.128.Final.jar:4.1.128.Final]
		at io.netty.channel.AbstractChannelHandlerContext.fireChannelInactive(AbstractChannelHandlerContext.java:274) ~[netty-transport-4.1.128.Final.jar:4.1.128.Final]
		at io.netty.channel.CombinedChannelDuplexHandler$DelegatingChannelHandlerContext.fireChannelInactive(CombinedChannelDuplexHandler.java:418) ~[netty-transport-4.1.128.Final.jar:4.1.128.Final]
		at io.netty.handler.codec.ByteToMessageDecoder.channelInputClosed(ByteToMessageDecoder.java:412) ~[netty-codec-4.1.128.Final.jar:4.1.128.Final]
		at io.netty.handler.codec.ByteToMessageDecoder.channelInactive(ByteToMessageDecoder.java:377) ~[netty-codec-4.1.128.Final.jar:4.1.128.Final]
		at io.netty.handler.codec.http.HttpClientCodec$Decoder.channelInactive(HttpClientCodec.java:410) ~[netty-codec-http-4.1.128.Final.jar:4.1.128.Final]
		at io.netty.channel.CombinedChannelDuplexHandler.channelInactive(CombinedChannelDuplexHandler.java:221) ~[netty-transport-4.1.128.Final.jar:4.1.128.Final]
		at io.netty.channel.AbstractChannelHandlerContext.invokeChannelInactive(AbstractChannelHandlerContext.java:303) ~[netty-transport-4.1.128.Final.jar:4.1.128.Final]
		at io.netty.channel.AbstractChannelHandlerContext.invokeChannelInactive(AbstractChannelHandlerContext.java:281) ~[netty-transport-4.1.128.Final.jar:4.1.128.Final]
		at io.netty.channel.AbstractChannelHandlerContext.fireChannelInactive(AbstractChannelHandlerContext.java:274) ~[netty-transport-4.1.128.Final.jar:4.1.128.Final]
		at io.netty.channel.DefaultChannelPipeline$HeadContext.channelInactive(DefaultChannelPipeline.java:1352) ~[netty-transport-4.1.128.Final.jar:4.1.128.Final]
		at io.netty.channel.AbstractChannelHandlerContext.invokeChannelInactive(AbstractChannelHandlerContext.java:301) ~[netty-transport-4.1.128.Final.jar:4.1.128.Final]
		at io.netty.channel.AbstractChannelHandlerContext.invokeChannelInactive(AbstractChannelHandlerContext.java:281) ~[netty-transport-4.1.128.Final.jar:4.1.128.Final]
		at io.netty.channel.DefaultChannelPipeline.fireChannelInactive(DefaultChannelPipeline.java:850) ~[netty-transport-4.1.128.Final.jar:4.1.128.Final]
		at io.netty.channel.AbstractChannel$AbstractUnsafe$7.run(AbstractChannel.java:811) ~[netty-transport-4.1.128.Final.jar:4.1.128.Final]
		at io.netty.util.concurrent.AbstractEventExecutor.runTask(AbstractEventExecutor.java:173) ~[netty-common-4.1.128.Final.jar:4.1.128.Final]
		at io.netty.util.concurrent.AbstractEventExecutor.safeExecute(AbstractEventExecutor.java:166) ~[netty-common-4.1.128.Final.jar:4.1.128.Final]
		at io.netty.util.concurrent.SingleThreadEventExecutor.runAllTasks(SingleThreadEventExecutor.java:472) ~[netty-common-4.1.128.Final.jar:4.1.128.Final]
		at io.netty.channel.nio.NioEventLoop.run(NioEventLoop.java:566) ~[netty-transport-4.1.128.Final.jar:4.1.128.Final]
		at io.netty.util.concurrent.SingleThreadEventExecutor$4.run(SingleThreadEventExecutor.java:998) ~[netty-common-4.1.128.Final.jar:4.1.128.Final]
		at io.netty.util.internal.ThreadExecutorMap$2.run(ThreadExecutorMap.java:74) ~[netty-common-4.1.128.Final.jar:4.1.128.Final]
		at io.netty.util.concurrent.FastThreadLocalRunnable.run(FastThreadLocalRunnable.java:30) ~[netty-common-4.1.128.Final.jar:4.1.128.Final]
		at java.base/java.lang.Thread.run(Thread.java:1575) ~[na:na]
Caused by: reactor.netty.http.client.PrematureCloseException: Connection prematurely closed BEFORE response

2026-06-19T10:57:25.400+07:00  WARN 20208 --- [API_Server] [reactor-http-nio-2] r.netty.http.client.HttpClientConnect    : [b0c62225-67, L:/127.0.0.1:59233 ! R:localhost/127.0.0.1:8080] The connection observed an error

reactor.netty.http.client.PrematureCloseException: Connection prematurely closed BEFORE response

2026-06-19T10:57:26.613+07:00  INFO 20208 --- [API_Server] [Thread-22] o.s.c.support.DefaultLifecycleProcessor  : Shutdown phase 2147482623 ends with 1 bean still running after timeout of 30000ms: [webServerGracefulShutdown]
2026-06-19T10:57:26.615+07:00  INFO 20208 --- [API_Server] [Thread-22] o.s.m.s.b.SimpleBrokerMessageHandler     : Stopping...
2026-06-19T10:57:26.615+07:00  INFO 20208 --- [API_Server] [Thread-22] o.s.m.s.b.SimpleBrokerMessageHandler     : BrokerAvailabilityEvent[available=false, SimpleBrokerMessageHandler [org.springframework.messaging.simp.broker.DefaultSubscriptionRegistry@3345525d]]
2026-06-19T10:57:26.616+07:00  INFO 20208 --- [API_Server] [Thread-22] o.s.m.s.b.SimpleBrokerMessageHandler     : Stopped.
2026-06-19T10:57:26.642+07:00  INFO 20208 --- [API_Server] [Thread-22] com.zaxxer.hikari.HikariDataSource       : HikariPool-2 - Shutdown initiated...
2026-06-19T10:57:26.645+07:00  INFO 20208 --- [API_Server] [Thread-22] com.zaxxer.hikari.HikariDataSource       : HikariPool-2 - Shutdown completed.
2026-06-19T10:57:26.646+07:00  INFO 20208 --- [API_Server] [Thread-22] j.LocalContainerEntityManagerFactoryBean : Closing JPA EntityManagerFactory for persistence unit 'default'
2026-06-19T10:57:26.647+07:00  INFO 20208 --- [API_Server] [Thread-22] com.zaxxer.hikari.HikariDataSource       : HikariPool-1 - Shutdown initiated...
2026-06-19T10:57:26.650+07:00  INFO 20208 --- [API_Server] [Thread-22] com.zaxxer.hikari.HikariDataSource       : HikariPool-1 - Shutdown completed.
2026-06-19T10:57:26.656+07:00  INFO 20208 --- [API_Server] [tomcat-shutdown] o.s.b.w.e.tomcat.GracefulShutdown        : Graceful shutdown aborted with one or more requests still active
2026-06-19T10:57:26.759+07:00  INFO 20208 --- [API_Server] [restartedMain] c.e.apiServer.ApiServerApplication       : Starting ApiServerApplication using Java 23.0.2 with PID 20208 (C:\project\PhuThanh_SpringBoot\API_Server\target\classes started by HDCP in C:\project\PhuThanh_SpringBoot\API_Server)
2026-06-19T10:57:26.760+07:00  INFO 20208 --- [API_Server] [restartedMain] c.e.apiServer.ApiServerApplication       : No active profile set, falling back to 1 default profile: "default"
2026-06-19T10:57:27.241+07:00  INFO 20208 --- [API_Server] [restartedMain] .s.d.r.c.RepositoryConfigurationDelegate : Bootstrapping Spring Data JPA repositories in DEFAULT mode.
2026-06-19T10:57:27.265+07:00  INFO 20208 --- [API_Server] [restartedMain] .s.d.r.c.RepositoryConfigurationDelegate : Finished Spring Data repository scanning in 22 ms. Found 2 JPA repository interfaces.
2026-06-19T10:57:27.462+07:00  INFO 20208 --- [API_Server] [restartedMain] o.s.b.w.embedded.tomcat.TomcatWebServer  : Tomcat initialized with port 8080 (http)
2026-06-19T10:57:27.464+07:00  INFO 20208 --- [API_Server] [restartedMain] o.apache.catalina.core.StandardService   : Starting service [Tomcat]
2026-06-19T10:57:27.464+07:00  INFO 20208 --- [API_Server] [restartedMain] o.apache.catalina.core.StandardEngine    : Starting Servlet engine: [Apache Tomcat/10.1.48]
2026-06-19T10:57:27.504+07:00  INFO 20208 --- [API_Server] [restartedMain] o.a.c.c.C.[Tomcat].[localhost].[/]       : Initializing Spring embedded WebApplicationContext
2026-06-19T10:57:27.504+07:00  INFO 20208 --- [API_Server] [restartedMain] w.s.c.ServletWebServerApplicationContext : Root WebApplicationContext: initialization completed in 741 ms
2026-06-19T10:57:27.604+07:00  INFO 20208 --- [API_Server] [restartedMain] o.hibernate.jpa.internal.util.LogHelper  : HHH000204: Processing PersistenceUnitInfo [name: default]
2026-06-19T10:57:27.607+07:00  INFO 20208 --- [API_Server] [restartedMain] o.h.c.internal.RegionFactoryInitiator    : HHH000026: Second-level cache disabled
2026-06-19T10:57:27.621+07:00  INFO 20208 --- [API_Server] [restartedMain] o.s.o.j.p.SpringPersistenceUnitInfo      : No LoadTimeWeaver setup: ignoring JPA class transformer
2026-06-19T10:57:27.622+07:00  INFO 20208 --- [API_Server] [restartedMain] com.zaxxer.hikari.HikariDataSource       : HikariPool-3 - Starting...
2026-06-19T10:57:27.644+07:00  INFO 20208 --- [API_Server] [restartedMain] com.zaxxer.hikari.pool.HikariPool        : HikariPool-3 - Added connection ConnectionID:21 ClientConnectionId: 30f43f28-81e5-4513-91f1-91fb41ff5311
2026-06-19T10:57:27.645+07:00  INFO 20208 --- [API_Server] [restartedMain] com.zaxxer.hikari.HikariDataSource       : HikariPool-3 - Start completed.
2026-06-19T10:57:27.686+07:00  WARN 20208 --- [API_Server] [restartedMain] org.hibernate.orm.deprecation            : HHH90000025: SQLServerDialect does not need to be specified explicitly using 'hibernate.dialect' (remove the property setting and it will be selected by default)
2026-06-19T10:57:27.688+07:00  INFO 20208 --- [API_Server] [restartedMain] org.hibernate.orm.connections.pooling    : HHH10001005: Database info:
	Database JDBC URL [Connecting through datasource 'HikariDataSource (HikariPool-3)']
	Database driver: undefined/unknown
	Database version: 16.0
	Autocommit mode: undefined/unknown
	Isolation level: undefined/unknown
	Minimum pool size: undefined/unknown
	Maximum pool size: undefined/unknown
2026-06-19T10:57:27.756+07:00  INFO 20208 --- [API_Server] [restartedMain] o.h.e.t.j.p.i.JtaPlatformInitiator       : HHH000489: No JTA platform available (set 'hibernate.transaction.jta.platform' to enable JTA platform integration)
2026-06-19T10:57:28.142+07:00  INFO 20208 --- [API_Server] [restartedMain] j.LocalContainerEntityManagerFactoryBean : Initialized JPA EntityManagerFactory for persistence unit 'default'
2026-06-19T10:57:28.469+07:00  WARN 20208 --- [API_Server] [restartedMain] JpaBaseConfiguration$JpaWebConfiguration : spring.jpa.open-in-view is enabled by default. Therefore, database queries may be performed during view rendering. Explicitly configure spring.jpa.open-in-view to disable this warning
2026-06-19T10:57:28.535+07:00  WARN 20208 --- [API_Server] [restartedMain] .s.s.UserDetailsServiceAutoConfiguration : 

Using generated security password: 3fbfe637-bd95-4af8-a46a-cd283ad03df7

This generated password is for development use only. Your security configuration must be updated before running your application in production.

2026-06-19T10:57:28.536+07:00  INFO 20208 --- [API_Server] [restartedMain] r$InitializeUserDetailsManagerConfigurer : Global AuthenticationManager configured with UserDetailsService bean with name inMemoryUserDetailsManager
2026-06-19T10:57:28.740+07:00  INFO 20208 --- [API_Server] [restartedMain] o.s.b.a.e.web.EndpointLinksResolver      : Exposing 4 endpoints beneath base path '/actuator'
2026-06-19T10:57:29.108+07:00  INFO 20208 --- [API_Server] [restartedMain] o.s.b.d.a.OptionalLiveReloadServer       : LiveReload server is running on port 35729
2026-06-19T10:57:29.128+07:00  INFO 20208 --- [API_Server] [restartedMain] o.s.m.s.b.SimpleBrokerMessageHandler     : Starting...
2026-06-19T10:57:29.129+07:00  INFO 20208 --- [API_Server] [restartedMain] o.s.m.s.b.SimpleBrokerMessageHandler     : BrokerAvailabilityEvent[available=true, SimpleBrokerMessageHandler [org.springframework.messaging.simp.broker.DefaultSubscriptionRegistry@9f99344]]
2026-06-19T10:57:29.129+07:00  INFO 20208 --- [API_Server] [restartedMain] o.s.m.s.b.SimpleBrokerMessageHandler     : Started.
2026-06-19T10:57:29.132+07:00  INFO 20208 --- [API_Server] [restartedMain] o.s.b.w.embedded.tomcat.TomcatWebServer  : Tomcat started on port 8080 (http) with context path '/'
2026-06-19T10:57:29.140+07:00  INFO 20208 --- [API_Server] [restartedMain] c.e.apiServer.ApiServerApplication       : Started ApiServerApplication in 2.417 seconds (process running for 169.165)
2026-06-19T10:57:30.151+07:00  INFO 20208 --- [API_Server] [restartedMain] .ConditionEvaluationDeltaLoggingListener : Condition evaluation unchanged
2026-06-19T10:57:30.157+07:00  INFO 20208 --- [API_Server] [http-nio-8080-exec-1] o.a.c.c.C.[Tomcat].[localhost].[/]       : Initializing Spring DispatcherServlet 'dispatcherServlet'
2026-06-19T10:57:30.158+07:00  INFO 20208 --- [API_Server] [http-nio-8080-exec-1] o.s.web.servlet.DispatcherServlet        : Initializing Servlet 'dispatcherServlet'
2026-06-19T10:57:30.159+07:00  INFO 20208 --- [API_Server] [http-nio-8080-exec-1] o.s.web.servlet.DispatcherServlet        : Completed initialization in 1 ms
2026-06-19T10:57:30.178+07:00  INFO 20208 --- [API_Server] [http-nio-8080-exec-2] com.zaxxer.hikari.HikariDataSource       : HikariPool-4 - Starting...
2026-06-19T10:57:30.178+07:00  INFO 20208 --- [API_Server] [registrationTask1] d.c.b.a.c.r.ApplicationRegistrator       : Application registered itself as aead94140931
2026-06-19T10:57:30.193+07:00  INFO 20208 --- [API_Server] [http-nio-8080-exec-2] com.zaxxer.hikari.pool.HikariPool        : HikariPool-4 - Added connection ConnectionID:31 ClientConnectionId: 8821012c-6be1-4529-83d9-7390ca0c22c9
2026-06-19T10:57:30.194+07:00  INFO 20208 --- [API_Server] [http-nio-8080-exec-2] com.zaxxer.hikari.HikariDataSource       : HikariPool-4 - Start completed.
2026-06-19T10:57:30.555+07:00  INFO 20208 --- [API_Server] [File Watcher] rtingClassPathChangeChangedEventListener : Restarting due to 1 class path change (0 additions, 0 deletions, 1 modification)
2026-06-19T10:57:30.557+07:00  INFO 20208 --- [API_Server] [Thread-24] o.s.b.w.e.tomcat.GracefulShutdown        : Commencing graceful shutdown. Waiting for active requests to complete
2026-06-19T10:57:30.559+07:00  INFO 20208 --- [API_Server] [tomcat-shutdown] o.s.b.w.e.tomcat.GracefulShutdown        : Graceful shutdown complete
2026-06-19T10:57:30.561+07:00  INFO 20208 --- [API_Server] [Thread-24] o.s.m.s.b.SimpleBrokerMessageHandler     : Stopping...
2026-06-19T10:57:30.561+07:00  INFO 20208 --- [API_Server] [Thread-24] o.s.m.s.b.SimpleBrokerMessageHandler     : BrokerAvailabilityEvent[available=false, SimpleBrokerMessageHandler [org.springframework.messaging.simp.broker.DefaultSubscriptionRegistry@9f99344]]
2026-06-19T10:57:30.562+07:00  INFO 20208 --- [API_Server] [Thread-24] o.s.m.s.b.SimpleBrokerMessageHandler     : Stopped.
2026-06-19T10:57:30.572+07:00  INFO 20208 --- [API_Server] [Thread-24] com.zaxxer.hikari.HikariDataSource       : HikariPool-4 - Shutdown initiated...
2026-06-19T10:57:30.598+07:00  INFO 20208 --- [API_Server] [Thread-24] com.zaxxer.hikari.HikariDataSource       : HikariPool-4 - Shutdown completed.
2026-06-19T10:57:30.599+07:00  INFO 20208 --- [API_Server] [Thread-24] j.LocalContainerEntityManagerFactoryBean : Closing JPA EntityManagerFactory for persistence unit 'default'
2026-06-19T10:57:30.599+07:00  INFO 20208 --- [API_Server] [Thread-24] com.zaxxer.hikari.HikariDataSource       : HikariPool-3 - Shutdown initiated...
2026-06-19T10:57:30.602+07:00  INFO 20208 --- [API_Server] [Thread-24] com.zaxxer.hikari.HikariDataSource       : HikariPool-3 - Shutdown completed.
2026-06-19T10:57:30.698+07:00  INFO 20208 --- [API_Server] [restartedMain] c.e.apiServer.ApiServerApplication       : Starting ApiServerApplication using Java 23.0.2 with PID 20208 (C:\project\PhuThanh_SpringBoot\API_Server\target\classes started by HDCP in C:\project\PhuThanh_SpringBoot\API_Server)
2026-06-19T10:57:30.698+07:00  INFO 20208 --- [API_Server] [restartedMain] c.e.apiServer.ApiServerApplication       : No active profile set, falling back to 1 default profile: "default"
2026-06-19T10:57:31.081+07:00  INFO 20208 --- [API_Server] [restartedMain] .s.d.r.c.RepositoryConfigurationDelegate : Bootstrapping Spring Data JPA repositories in DEFAULT mode.
2026-06-19T10:57:31.144+07:00  INFO 20208 --- [API_Server] [restartedMain] .s.d.r.c.RepositoryConfigurationDelegate : Finished Spring Data repository scanning in 61 ms. Found 2 JPA repository interfaces.
2026-06-19T10:57:31.288+07:00  INFO 20208 --- [API_Server] [restartedMain] o.s.b.w.embedded.tomcat.TomcatWebServer  : Tomcat initialized with port 8080 (http)
2026-06-19T10:57:31.288+07:00  INFO 20208 --- [API_Server] [restartedMain] o.apache.catalina.core.StandardService   : Starting service [Tomcat]
2026-06-19T10:57:31.289+07:00  INFO 20208 --- [API_Server] [restartedMain] o.apache.catalina.core.StandardEngine    : Starting Servlet engine: [Apache Tomcat/10.1.48]
2026-06-19T10:57:31.322+07:00  INFO 20208 --- [API_Server] [restartedMain] o.a.c.c.C.[Tomcat].[localhost].[/]       : Initializing Spring embedded WebApplicationContext
2026-06-19T10:57:31.322+07:00  INFO 20208 --- [API_Server] [restartedMain] w.s.c.ServletWebServerApplicationContext : Root WebApplicationContext: initialization completed in 622 ms
2026-06-19T10:57:31.409+07:00  INFO 20208 --- [API_Server] [restartedMain] o.hibernate.jpa.internal.util.LogHelper  : HHH000204: Processing PersistenceUnitInfo [name: default]
2026-06-19T10:57:31.413+07:00  INFO 20208 --- [API_Server] [restartedMain] o.h.c.internal.RegionFactoryInitiator    : HHH000026: Second-level cache disabled
2026-06-19T10:57:31.423+07:00  INFO 20208 --- [API_Server] [restartedMain] o.s.o.j.p.SpringPersistenceUnitInfo      : No LoadTimeWeaver setup: ignoring JPA class transformer
2026-06-19T10:57:31.425+07:00  INFO 20208 --- [API_Server] [restartedMain] com.zaxxer.hikari.HikariDataSource       : HikariPool-5 - Starting...
2026-06-19T10:57:31.440+07:00  INFO 20208 --- [API_Server] [restartedMain] com.zaxxer.hikari.pool.HikariPool        : HikariPool-5 - Added connection ConnectionID:38 ClientConnectionId: eea19f55-aedf-4dc0-aaf9-fb998c7eb424
2026-06-19T10:57:31.440+07:00  INFO 20208 --- [API_Server] [restartedMain] com.zaxxer.hikari.HikariDataSource       : HikariPool-5 - Start completed.
2026-06-19T10:57:31.441+07:00  WARN 20208 --- [API_Server] [restartedMain] org.hibernate.orm.deprecation            : HHH90000025: SQLServerDialect does not need to be specified explicitly using 'hibernate.dialect' (remove the property setting and it will be selected by default)
2026-06-19T10:57:31.442+07:00  INFO 20208 --- [API_Server] [restartedMain] org.hibernate.orm.connections.pooling    : HHH10001005: Database info:
	Database JDBC URL [Connecting through datasource 'HikariDataSource (HikariPool-5)']
	Database driver: undefined/unknown
	Database version: 16.0
	Autocommit mode: undefined/unknown
	Isolation level: undefined/unknown
	Minimum pool size: undefined/unknown
	Maximum pool size: undefined/unknown
2026-06-19T10:57:31.493+07:00  INFO 20208 --- [API_Server] [restartedMain] o.h.e.t.j.p.i.JtaPlatformInitiator       : HHH000489: No JTA platform available (set 'hibernate.transaction.jta.platform' to enable JTA platform integration)
2026-06-19T10:57:31.641+07:00  INFO 20208 --- [API_Server] [restartedMain] j.LocalContainerEntityManagerFactoryBean : Initialized JPA EntityManagerFactory for persistence unit 'default'
2026-06-19T10:57:31.943+07:00  WARN 20208 --- [API_Server] [restartedMain] JpaBaseConfiguration$JpaWebConfiguration : spring.jpa.open-in-view is enabled by default. Therefore, database queries may be performed during view rendering. Explicitly configure spring.jpa.open-in-view to disable this warning
2026-06-19T10:57:32.008+07:00  WARN 20208 --- [API_Server] [restartedMain] .s.s.UserDetailsServiceAutoConfiguration : 

Using generated security password: ca13f13d-e1d0-4dac-9bf1-348ee5ac000d

This generated password is for development use only. Your security configuration must be updated before running your application in production.

2026-06-19T10:57:32.010+07:00  INFO 20208 --- [API_Server] [restartedMain] r$InitializeUserDetailsManagerConfigurer : Global AuthenticationManager configured with UserDetailsService bean with name inMemoryUserDetailsManager
2026-06-19T10:57:32.180+07:00  INFO 20208 --- [API_Server] [restartedMain] o.s.b.a.e.web.EndpointLinksResolver      : Exposing 4 endpoints beneath base path '/actuator'
2026-06-19T10:57:32.549+07:00  INFO 20208 --- [API_Server] [restartedMain] o.s.b.d.a.OptionalLiveReloadServer       : LiveReload server is running on port 35729
2026-06-19T10:57:32.571+07:00  INFO 20208 --- [API_Server] [restartedMain] o.s.m.s.b.SimpleBrokerMessageHandler     : Starting...
2026-06-19T10:57:32.571+07:00  INFO 20208 --- [API_Server] [restartedMain] o.s.m.s.b.SimpleBrokerMessageHandler     : BrokerAvailabilityEvent[available=true, SimpleBrokerMessageHandler [org.springframework.messaging.simp.broker.DefaultSubscriptionRegistry@18397762]]
2026-06-19T10:57:32.572+07:00  INFO 20208 --- [API_Server] [restartedMain] o.s.m.s.b.SimpleBrokerMessageHandler     : Started.
2026-06-19T10:57:32.576+07:00  INFO 20208 --- [API_Server] [restartedMain] o.s.b.w.embedded.tomcat.TomcatWebServer  : Tomcat started on port 8080 (http) with context path '/'
2026-06-19T10:57:32.586+07:00  INFO 20208 --- [API_Server] [restartedMain] c.e.apiServer.ApiServerApplication       : Started ApiServerApplication in 1.914 seconds (process running for 172.611)
2026-06-19T10:57:32.623+07:00  INFO 20208 --- [API_Server] [http-nio-8080-exec-1] o.a.c.c.C.[Tomcat].[localhost].[/]       : Initializing Spring DispatcherServlet 'dispatcherServlet'
2026-06-19T10:57:32.623+07:00  INFO 20208 --- [API_Server] [http-nio-8080-exec-1] o.s.web.servlet.DispatcherServlet        : Initializing Servlet 'dispatcherServlet'
2026-06-19T10:57:32.624+07:00  INFO 20208 --- [API_Server] [http-nio-8080-exec-1] o.s.web.servlet.DispatcherServlet        : Completed initialization in 1 ms
2026-06-19T10:57:33.037+07:00  INFO 20208 --- [API_Server] [restartedMain] .ConditionEvaluationDeltaLoggingListener : Condition evaluation unchanged
2026-06-19T10:57:33.058+07:00  INFO 20208 --- [API_Server] [http-nio-8080-exec-4] com.zaxxer.hikari.HikariDataSource       : HikariPool-6 - Starting...
2026-06-19T10:57:33.059+07:00  INFO 20208 --- [API_Server] [registrationTask1] d.c.b.a.c.r.ApplicationRegistrator       : Application registered itself as aead94140931
2026-06-19T10:57:33.074+07:00  INFO 20208 --- [API_Server] [http-nio-8080-exec-4] com.zaxxer.hikari.pool.HikariPool        : HikariPool-6 - Added connection ConnectionID:48 ClientConnectionId: 31104748-6de6-464a-b659-c0b6a4e57fcd
2026-06-19T10:57:33.074+07:00  INFO 20208 --- [API_Server] [http-nio-8080-exec-4] com.zaxxer.hikari.HikariDataSource       : HikariPool-6 - Start completed.
2026-06-19T10:58:32.570+07:00  INFO 20208 --- [API_Server] [MessageBroker-1] o.s.w.s.c.WebSocketMessageBrokerStats    : WebSocketSession[0 current WS(0)-HttpStream(0)-HttpPoll(0), 0 total, 0 closed abnormally (0 connect failure, 0 send limit, 0 transport error)], stompSubProtocol[processed CONNECT(0)-CONNECTED(0)-DISCONNECT(0)], stompBrokerRelay[null], inboundChannel[pool size = 0, active threads = 0, queued tasks = 0, completed tasks = 0], outboundChannel[pool size = 0, active threads = 0, queued tasks = 0, completed tasks = 0], sockJsScheduler[pool size = 1, active threads = 1, queued tasks = 0, completed tasks = 0]
2026-06-19T10:59:09.324+07:00  WARN 20208 --- [API_Server] [http-nio-8080-exec-6] .m.m.a.ExceptionHandlerExceptionResolver : Resolved [java.io.IOException: An established connection was aborted by the software in your host machine]
2026-06-19T11:00:22.564+07:00  INFO 20208 --- [API_Server] [File Watcher] rtingClassPathChangeChangedEventListener : Restarting due to 36 class path changes (0 additions, 0 deletions, 36 modifications)
2026-06-19T11:00:22.565+07:00  INFO 20208 --- [API_Server] [Thread-45] o.s.b.w.e.tomcat.GracefulShutdown        : Commencing graceful shutdown. Waiting for active requests to complete
2026-06-19T11:00:32.447+07:00  WARN 20208 --- [API_Server] [reactor-http-nio-2] r.netty.http.client.HttpClientConnect    : [4a27f796-84, L:/127.0.0.1:59318 ! R:localhost/127.0.0.1:8080] The connection observed an error

reactor.netty.http.client.PrematureCloseException: Connection prematurely closed BEFORE response

2026-06-19T11:00:32.448+07:00  INFO 20208 --- [API_Server] [reactor-http-nio-2] d.c.b.a.server.services.StatusUpdater    : Couldn't retrieve status for Instance(id=aead94140931, version=2, registration=Registration(name=API_Server, managementUrl=http://DESKTOP-4DLUCN9:8080/actuator, healthUrl=http://DESKTOP-4DLUCN9:8080/actuator/health, serviceUrl=http://DESKTOP-4DLUCN9:8080/, source=http-api), registered=true, statusInfo=StatusInfo(status=UP, details={ssl={status=UP, details={validChains=[], invalidChains=[]}}, db={status=UP, components={dataSource={status=UP, details={database=Microsoft SQL Server, validationQuery=isValid()}}, fastDataSource={status=UP, details={database=Microsoft SQL Server, validationQuery=isValid()}}}}, diskSpace={status=UP, details={total=447571279872, free=243339546624, threshold=10485760, path=C:\project\PhuThanh_SpringBoot\API_Server\., exists=true}}, ping={status=UP}}), statusTimestamp=2026-06-19T03:57:33.087664500Z, info=Info(values={}), endpoints=Endpoints(endpoints={logfile=Endpoint(id=logfile, url=http://DESKTOP-4DLUCN9:8080/actuator/logfile), health=Endpoint(id=health, url=http://DESKTOP-4DLUCN9:8080/actuator/health), shutdown=Endpoint(id=shutdown, url=http://DESKTOP-4DLUCN9:8080/actuator/shutdown), info=Endpoint(id=info, url=http://DESKTOP-4DLUCN9:8080/actuator/info)}), buildVersion=null, tags=Tags(values={}))

org.springframework.web.reactive.function.client.WebClientRequestException: Connection prematurely closed BEFORE response
	at org.springframework.web.reactive.function.client.ExchangeFunctions$DefaultExchangeFunction.lambda$wrapException$9(ExchangeFunctions.java:137) ~[spring-webflux-6.2.12.jar:6.2.12]
	Suppressed: reactor.core.publisher.FluxOnAssembly$OnAssemblyException: 
Error has been observed at the following site(s):
	*__checkpoint ⇢ Request to GET health [DefaultWebClient]
Original Stack Trace:
		at org.springframework.web.reactive.function.client.ExchangeFunctions$DefaultExchangeFunction.lambda$wrapException$9(ExchangeFunctions.java:137) ~[spring-webflux-6.2.12.jar:6.2.12]
		at reactor.core.publisher.MonoErrorSupplied.subscribe(MonoErrorSupplied.java:55) ~[reactor-core-3.7.12.jar:3.7.12]
		at reactor.core.publisher.Mono.subscribe(Mono.java:4576) ~[reactor-core-3.7.12.jar:3.7.12]
		at reactor.core.publisher.FluxOnErrorResume$ResumeSubscriber.onError(FluxOnErrorResume.java:103) ~[reactor-core-3.7.12.jar:3.7.12]
		at reactor.core.publisher.FluxPeek$PeekSubscriber.onError(FluxPeek.java:222) ~[reactor-core-3.7.12.jar:3.7.12]
		at reactor.core.publisher.FluxPeek$PeekSubscriber.onError(FluxPeek.java:222) ~[reactor-core-3.7.12.jar:3.7.12]
		at reactor.core.publisher.FluxPeek$PeekSubscriber.onError(FluxPeek.java:222) ~[reactor-core-3.7.12.jar:3.7.12]
		at reactor.core.publisher.MonoNext$NextSubscriber.onError(MonoNext.java:93) ~[reactor-core-3.7.12.jar:3.7.12]
		at reactor.core.publisher.MonoFlatMapMany$FlatMapManyMain.onError(MonoFlatMapMany.java:205) ~[reactor-core-3.7.12.jar:3.7.12]
		at reactor.core.publisher.SerializedSubscriber.onError(SerializedSubscriber.java:124) ~[reactor-core-3.7.12.jar:3.7.12]
		at reactor.core.publisher.FluxRetryWhen$RetryWhenMainSubscriber.whenError(FluxRetryWhen.java:229) ~[reactor-core-3.7.12.jar:3.7.12]
		at reactor.core.publisher.FluxRetryWhen$RetryWhenOtherSubscriber.onError(FluxRetryWhen.java:279) ~[reactor-core-3.7.12.jar:3.7.12]
		at reactor.core.publisher.FluxContextWrite$ContextWriteSubscriber.onError(FluxContextWrite.java:121) ~[reactor-core-3.7.12.jar:3.7.12]
		at reactor.core.publisher.FluxConcatMapNoPrefetch$FluxConcatMapNoPrefetchSubscriber.maybeOnError(FluxConcatMapNoPrefetch.java:327) ~[reactor-core-3.7.12.jar:3.7.12]
		at reactor.core.publisher.FluxConcatMapNoPrefetch$FluxConcatMapNoPrefetchSubscriber.onNext(FluxConcatMapNoPrefetch.java:212) ~[reactor-core-3.7.12.jar:3.7.12]
		at reactor.core.publisher.FluxContextWrite$ContextWriteSubscriber.onNext(FluxContextWrite.java:107) ~[reactor-core-3.7.12.jar:3.7.12]
		at reactor.core.publisher.SinkManyEmitterProcessor.drain(SinkManyEmitterProcessor.java:476) ~[reactor-core-3.7.12.jar:3.7.12]
		at reactor.core.publisher.SinkManyEmitterProcessor$EmitterInner.drainParent(SinkManyEmitterProcessor.java:620) ~[reactor-core-3.7.12.jar:3.7.12]
		at reactor.core.publisher.FluxPublish$PubSubInner.request(FluxPublish.java:874) ~[reactor-core-3.7.12.jar:3.7.12]
		at reactor.core.publisher.FluxContextWrite$ContextWriteSubscriber.request(FluxContextWrite.java:136) ~[reactor-core-3.7.12.jar:3.7.12]
		at reactor.core.publisher.FluxConcatMapNoPrefetch$FluxConcatMapNoPrefetchSubscriber.request(FluxConcatMapNoPrefetch.java:337) ~[reactor-core-3.7.12.jar:3.7.12]
		at reactor.core.publisher.FluxContextWrite$ContextWriteSubscriber.request(FluxContextWrite.java:136) ~[reactor-core-3.7.12.jar:3.7.12]
		at reactor.core.publisher.Operators$DeferredSubscription.request(Operators.java:1742) ~[reactor-core-3.7.12.jar:3.7.12]
		at reactor.core.publisher.FluxRetryWhen$RetryWhenMainSubscriber.onError(FluxRetryWhen.java:196) ~[reactor-core-3.7.12.jar:3.7.12]
		at reactor.core.publisher.MonoCreate$DefaultMonoSink.error(MonoCreate.java:205) ~[reactor-core-3.7.12.jar:3.7.12]
		at reactor.netty.http.client.HttpClientConnect$HttpObserver.onUncaughtException(HttpClientConnect.java:425) ~[reactor-netty-http-1.2.11.jar:1.2.11]
		at reactor.netty.ReactorNetty$CompositeConnectionObserver.onUncaughtException(ReactorNetty.java:715) ~[reactor-netty-core-1.2.11.jar:1.2.11]
		at reactor.netty.resources.DefaultPooledConnectionProvider$DisposableAcquire.onUncaughtException(DefaultPooledConnectionProvider.java:225) ~[reactor-netty-core-1.2.11.jar:1.2.11]
		at reactor.netty.resources.DefaultPooledConnectionProvider$PooledConnection.onUncaughtException(DefaultPooledConnectionProvider.java:478) ~[reactor-netty-core-1.2.11.jar:1.2.11]
		at reactor.netty.http.client.HttpClientOperations.onInboundClose(HttpClientOperations.java:392) ~[reactor-netty-http-1.2.11.jar:1.2.11]
		at reactor.netty.channel.ChannelOperationsHandler.channelInactive(ChannelOperationsHandler.java:73) ~[reactor-netty-core-1.2.11.jar:1.2.11]
		at io.netty.channel.AbstractChannelHandlerContext.invokeChannelInactive(AbstractChannelHandlerContext.java:303) ~[netty-transport-4.1.128.Final.jar:4.1.128.Final]
		at io.netty.channel.AbstractChannelHandlerContext.invokeChannelInactive(AbstractChannelHandlerContext.java:281) ~[netty-transport-4.1.128.Final.jar:4.1.128.Final]
		at io.netty.channel.AbstractChannelHandlerContext.fireChannelInactive(AbstractChannelHandlerContext.java:274) ~[netty-transport-4.1.128.Final.jar:4.1.128.Final]
		at io.netty.channel.ChannelInboundHandlerAdapter.channelInactive(ChannelInboundHandlerAdapter.java:81) ~[netty-transport-4.1.128.Final.jar:4.1.128.Final]
		at io.netty.handler.codec.http.HttpContentDecoder.channelInactive(HttpContentDecoder.java:237) ~[netty-codec-http-4.1.128.Final.jar:4.1.128.Final]
		at io.netty.channel.AbstractChannelHandlerContext.invokeChannelInactive(AbstractChannelHandlerContext.java:303) ~[netty-transport-4.1.128.Final.jar:4.1.128.Final]
		at io.netty.channel.AbstractChannelHandlerContext.invokeChannelInactive(AbstractChannelHandlerContext.java:281) ~[netty-transport-4.1.128.Final.jar:4.1.128.Final]
		at io.netty.channel.AbstractChannelHandlerContext.fireChannelInactive(AbstractChannelHandlerContext.java:274) ~[netty-transport-4.1.128.Final.jar:4.1.128.Final]
		at io.netty.channel.CombinedChannelDuplexHandler$DelegatingChannelHandlerContext.fireChannelInactive(CombinedChannelDuplexHandler.java:418) ~[netty-transport-4.1.128.Final.jar:4.1.128.Final]
		at io.netty.handler.codec.ByteToMessageDecoder.channelInputClosed(ByteToMessageDecoder.java:412) ~[netty-codec-4.1.128.Final.jar:4.1.128.Final]
		at io.netty.handler.codec.ByteToMessageDecoder.channelInactive(ByteToMessageDecoder.java:377) ~[netty-codec-4.1.128.Final.jar:4.1.128.Final]
		at io.netty.handler.codec.http.HttpClientCodec$Decoder.channelInactive(HttpClientCodec.java:410) ~[netty-codec-http-4.1.128.Final.jar:4.1.128.Final]
		at io.netty.channel.CombinedChannelDuplexHandler.channelInactive(CombinedChannelDuplexHandler.java:221) ~[netty-transport-4.1.128.Final.jar:4.1.128.Final]
		at io.netty.channel.AbstractChannelHandlerContext.invokeChannelInactive(AbstractChannelHandlerContext.java:303) ~[netty-transport-4.1.128.Final.jar:4.1.128.Final]
		at io.netty.channel.AbstractChannelHandlerContext.invokeChannelInactive(AbstractChannelHandlerContext.java:281) ~[netty-transport-4.1.128.Final.jar:4.1.128.Final]
		at io.netty.channel.AbstractChannelHandlerContext.fireChannelInactive(AbstractChannelHandlerContext.java:274) ~[netty-transport-4.1.128.Final.jar:4.1.128.Final]
		at io.netty.channel.DefaultChannelPipeline$HeadContext.channelInactive(DefaultChannelPipeline.java:1352) ~[netty-transport-4.1.128.Final.jar:4.1.128.Final]
		at io.netty.channel.AbstractChannelHandlerContext.invokeChannelInactive(AbstractChannelHandlerContext.java:301) ~[netty-transport-4.1.128.Final.jar:4.1.128.Final]
		at io.netty.channel.AbstractChannelHandlerContext.invokeChannelInactive(AbstractChannelHandlerContext.java:281) ~[netty-transport-4.1.128.Final.jar:4.1.128.Final]
		at io.netty.channel.DefaultChannelPipeline.fireChannelInactive(DefaultChannelPipeline.java:850) ~[netty-transport-4.1.128.Final.jar:4.1.128.Final]
		at io.netty.channel.AbstractChannel$AbstractUnsafe$7.run(AbstractChannel.java:811) ~[netty-transport-4.1.128.Final.jar:4.1.128.Final]
		at io.netty.util.concurrent.AbstractEventExecutor.runTask(AbstractEventExecutor.java:173) ~[netty-common-4.1.128.Final.jar:4.1.128.Final]
		at io.netty.util.concurrent.AbstractEventExecutor.safeExecute(AbstractEventExecutor.java:166) ~[netty-common-4.1.128.Final.jar:4.1.128.Final]
		at io.netty.util.concurrent.SingleThreadEventExecutor.runAllTasks(SingleThreadEventExecutor.java:472) ~[netty-common-4.1.128.Final.jar:4.1.128.Final]
		at io.netty.channel.nio.NioEventLoop.run(NioEventLoop.java:566) ~[netty-transport-4.1.128.Final.jar:4.1.128.Final]
		at io.netty.util.concurrent.SingleThreadEventExecutor$4.run(SingleThreadEventExecutor.java:998) ~[netty-common-4.1.128.Final.jar:4.1.128.Final]
		at io.netty.util.internal.ThreadExecutorMap$2.run(ThreadExecutorMap.java:74) ~[netty-common-4.1.128.Final.jar:4.1.128.Final]
		at io.netty.util.concurrent.FastThreadLocalRunnable.run(FastThreadLocalRunnable.java:30) ~[netty-common-4.1.128.Final.jar:4.1.128.Final]
		at java.base/java.lang.Thread.run(Thread.java:1575) ~[na:na]
Caused by: reactor.netty.http.client.PrematureCloseException: Connection prematurely closed BEFORE response

2026-06-19T11:00:52.452+07:00  WARN 20208 --- [API_Server] [reactor-http-nio-2] r.netty.http.client.HttpClientConnect    : [6f2a93c9-85, L:/127.0.0.1:59316 ! R:localhost/127.0.0.1:8080] The connection observed an error

reactor.netty.http.client.PrematureCloseException: Connection prematurely closed BEFORE response

2026-06-19T11:00:52.573+07:00  INFO 20208 --- [API_Server] [Thread-45] o.s.c.support.DefaultLifecycleProcessor  : Shutdown phase 2147482623 ends with 1 bean still running after timeout of 30000ms: [webServerGracefulShutdown]
2026-06-19T11:00:52.575+07:00  INFO 20208 --- [API_Server] [Thread-45] o.s.m.s.b.SimpleBrokerMessageHandler     : Stopping...
2026-06-19T11:00:52.576+07:00  INFO 20208 --- [API_Server] [Thread-45] o.s.m.s.b.SimpleBrokerMessageHandler     : BrokerAvailabilityEvent[available=false, SimpleBrokerMessageHandler [org.springframework.messaging.simp.broker.DefaultSubscriptionRegistry@18397762]]
2026-06-19T11:00:52.576+07:00  INFO 20208 --- [API_Server] [Thread-45] o.s.m.s.b.SimpleBrokerMessageHandler     : Stopped.
2026-06-19T11:00:52.579+07:00  INFO 20208 --- [API_Server] [Thread-45] com.zaxxer.hikari.HikariDataSource       : HikariPool-6 - Shutdown initiated...
2026-06-19T11:00:52.580+07:00  INFO 20208 --- [API_Server] [Thread-45] com.zaxxer.hikari.HikariDataSource       : HikariPool-6 - Shutdown completed.
2026-06-19T11:00:52.581+07:00  INFO 20208 --- [API_Server] [Thread-45] j.LocalContainerEntityManagerFactoryBean : Closing JPA EntityManagerFactory for persistence unit 'default'
2026-06-19T11:00:52.581+07:00  INFO 20208 --- [API_Server] [Thread-45] com.zaxxer.hikari.HikariDataSource       : HikariPool-5 - Shutdown initiated...
2026-06-19T11:00:52.613+07:00  INFO 20208 --- [API_Server] [Thread-45] com.zaxxer.hikari.HikariDataSource       : HikariPool-5 - Shutdown completed.
2026-06-19T11:00:52.674+07:00  INFO 20208 --- [API_Server] [tomcat-shutdown] o.s.b.w.e.tomcat.GracefulShutdown        : Graceful shutdown aborted with one or more requests still active
